Using launch settings from C:\Users\Admin\Desktop\jtlprojects\courtbook\CourtBooking\Properties\launchSettings.json...
info: Microsoft.EntityFrameworkCore.Migrations[20411]
      Acquiring an exclusive lock for migration application. See https://aka.ms/efcore-docs-migrations-lock for more information if this takes too long.
info: Microsoft.EntityFrameworkCore.Database.Command[20101]
      Executed DbCommand (38ms) [Parameters=[], CommandType='Text', CommandTimeout='30']
      SELECT COUNT(*) FROM "sqlite_master" WHERE "name" = '__EFMigrationsLock' AND "type" = 'table';
info: Microsoft.EntityFrameworkCore.Database.Command[20101]
      Executed DbCommand (3ms) [Parameters=[], CommandType='Text', CommandTimeout='30']
      INSERT OR IGNORE INTO "__EFMigrationsLock"("Id", "Timestamp") VALUES(1, '2026-09-03 08:34:12.0730977+00:00');
      SELECT changes();
info: Microsoft.EntityFrameworkCore.Database.Command[20101]
      Executed DbCommand (0ms) [Parameters=[], CommandType='Text', CommandTimeout='30']
      CREATE TABLE IF NOT EXISTS "__EFMigrationsHistory" (
          "MigrationId" TEXT NOT NULL CONSTRAINT "PK___EFMigrationsHistory" PRIMARY KEY,
          "ProductVersion" TEXT NOT NULL
      );
info: Microsoft.EntityFrameworkCore.Database.Command[20101]
      Executed DbCommand (0ms) [Parameters=[], CommandType='Text', CommandTimeout='30']
      SELECT COUNT(*) FROM "sqlite_master" WHERE "name" = '__EFMigrationsHistory' AND "type" = 'table';
info: Microsoft.EntityFrameworkCore.Database.Command[20101]
      Executed DbCommand (0ms) [Parameters=[], CommandType='Text', CommandTimeout='30']
      SELECT "MigrationId", "ProductVersion"
      FROM "__EFMigrationsHistory"
      ORDER BY "MigrationId";
info: Microsoft.EntityFrameworkCore.Migrations[20405]
      No migrations were applied. The database is already up to date.
info: Microsoft.EntityFrameworkCore.Database.Command[20101]
      Executed DbCommand (1ms) [Parameters=[], CommandType='Text', CommandTimeout='30']
      DELETE FROM "__EFMigrationsLock";
info: Microsoft.EntityFrameworkCore.Database.Command[20101]
      Executed DbCommand (0ms) [Parameters=[], CommandType='Text', CommandTimeout='30']
      SELECT COUNT(*) FROM "sqlite_master" WHERE "name" = '__EFMigrationsHistory' AND "type" = 'table';
info: Microsoft.EntityFrameworkCore.Database.Command[20101]
      Executed DbCommand (0ms) [Parameters=[], CommandType='Text', CommandTimeout='30']
      SELECT "MigrationId", "ProductVersion"
      FROM "__EFMigrationsHistory"
      ORDER BY "MigrationId";
fail: Microsoft.EntityFrameworkCore.Database.Command[20102]
      Failed executing DbCommand (5ms) [Parameters=[], CommandType='Text', CommandTimeout='30']
      ALTER TABLE "Bookings" ADD COLUMN "CheckoutSessionId" TEXT NULL
fail: Microsoft.EntityFrameworkCore.Database.Command[20102]
      Failed executing DbCommand (0ms) [Parameters=[], CommandType='Text', CommandTimeout='30']
      ALTER TABLE "FacilitySettings" ADD COLUMN "PayMongoSecretKey" TEXT NULL
fail: Microsoft.EntityFrameworkCore.Database.Command[20102]
      Failed executing DbCommand (0ms) [Parameters=[], CommandType='Text', CommandTimeout='30']
      ALTER TABLE "FacilitySettings" ADD COLUMN "PayMongoMethods" TEXT NULL DEFAULT 'qrph'
fail: Microsoft.EntityFrameworkCore.Database.Command[20102]
      Failed executing DbCommand (0ms) [Parameters=[], CommandType='Text', CommandTimeout='30']
      ALTER TABLE "FacilitySettings" ADD COLUMN "GCashQrCodePath" TEXT NULL
fail: Microsoft.EntityFrameworkCore.Database.Command[20102]
      Failed executing DbCommand (0ms) [Parameters=[], CommandType='Text', CommandTimeout='30']
      ALTER TABLE "FacilitySettings" ADD COLUMN "MayaQrCodePath" TEXT NULL
fail: Microsoft.EntityFrameworkCore.Database.Command[20102]
      Failed executing DbCommand (0ms) [Parameters=[], CommandType='Text', CommandTimeout='30']
      ALTER TABLE "FacilitySettings" ADD COLUMN "GoTymeNumber" TEXT NULL
fail: Microsoft.EntityFrameworkCore.Database.Command[20102]
      Failed executing DbCommand (0ms) [Parameters=[], CommandType='Text', CommandTimeout='30']
      ALTER TABLE "FacilitySettings" ADD COLUMN "GoTymeName" TEXT NULL
fail: Microsoft.EntityFrameworkCore.Database.Command[20102]
      Failed executing DbCommand (0ms) [Parameters=[], CommandType='Text', CommandTimeout='30']
      ALTER TABLE "FacilitySettings" ADD COLUMN "GoTymeQrCodePath" TEXT NULL
fail: Microsoft.EntityFrameworkCore.Database.Command[20102]
      Failed executing DbCommand (0ms) [Parameters=[], CommandType='Text', CommandTimeout='30']
      ALTER TABLE "PlatformConfig" ADD COLUMN "LogoData" BLOB NULL
fail: Microsoft.EntityFrameworkCore.Database.Command[20102]
      Failed executing DbCommand (0ms) [Parameters=[], CommandType='Text', CommandTimeout='30']
      ALTER TABLE "PlatformConfig" ADD COLUMN "LogoContentType" TEXT NULL
fail: Microsoft.EntityFrameworkCore.Database.Command[20102]
      Failed executing DbCommand (0ms) [Parameters=[], CommandType='Text', CommandTimeout='30']
      ALTER TABLE "Bookings" ADD COLUMN "FacilityName" TEXT NULL
fail: Microsoft.EntityFrameworkCore.Database.Command[20102]
      Failed executing DbCommand (0ms) [Parameters=[], CommandType='Text', CommandTimeout='30']
      ALTER TABLE "Courts" ADD COLUMN "FacilityName" TEXT NULL
fail: Microsoft.EntityFrameworkCore.Database.Command[20102]
      Failed executing DbCommand (0ms) [Parameters=[], CommandType='Text', CommandTimeout='30']
      ALTER TABLE "FacilitySettings" ADD COLUMN "IsDeactivated" INTEGER NOT NULL DEFAULT 0
fail: Microsoft.EntityFrameworkCore.Database.Command[20102]
      Failed executing DbCommand (0ms) [Parameters=[], CommandType='Text', CommandTimeout='30']
      ALTER TABLE "FacilitySettings" ADD COLUMN "DeactivatedAt" TEXT NULL
fail: Microsoft.EntityFrameworkCore.Database.Command[20102]
      Failed executing DbCommand (0ms) [Parameters=[], CommandType='Text', CommandTimeout='30']
      ALTER TABLE "FacilitySettings" ADD COLUMN "HouseRules" TEXT NULL
fail: Microsoft.EntityFrameworkCore.Database.Command[20102]
      Failed executing DbCommand (0ms) [Parameters=[], CommandType='Text', CommandTimeout='30']
      ALTER TABLE "CourtScheduleBlocks" ADD COLUMN "IsActive" INTEGER NOT NULL DEFAULT 1
fail: Microsoft.EntityFrameworkCore.Database.Command[20102]
      Failed executing DbCommand (0ms) [Parameters=[], CommandType='Text', CommandTimeout='30']
      ALTER TABLE "CourtScheduleBlocks" ADD COLUMN "Description" TEXT NULL
fail: Microsoft.EntityFrameworkCore.Database.Command[20102]
      Failed executing DbCommand (0ms) [Parameters=[], CommandType='Text', CommandTimeout='30']
      ALTER TABLE "Bookings" ADD COLUMN "CourtBundleId" INTEGER NULL
fail: Microsoft.EntityFrameworkCore.Database.Command[20102]
      Failed executing DbCommand (0ms) [Parameters=[], CommandType='Text', CommandTimeout='30']
      ALTER TABLE "Bookings" ADD COLUMN "BundleGroupId" TEXT NULL
fail: Microsoft.EntityFrameworkCore.Database.Command[20102]
      Failed executing DbCommand (0ms) [Parameters=[], CommandType='Text', CommandTimeout='30']
      ALTER TABLE "CourtScheduleBlocks" ADD COLUMN "AllowPublicSignup" INTEGER NOT NULL DEFAULT 0
fail: Microsoft.EntityFrameworkCore.Database.Command[20102]
      Failed executing DbCommand (0ms) [Parameters=[], CommandType='Text', CommandTimeout='30']
      ALTER TABLE "CourtScheduleBlocks" ADD COLUMN "MaxPlayers" INTEGER NULL
fail: Microsoft.EntityFrameworkCore.Database.Command[20102]
      Failed executing DbCommand (0ms) [Parameters=[], CommandType='Text', CommandTimeout='30']
      ALTER TABLE "CourtScheduleBlocks" ADD COLUMN "PricePerHead" TEXT NULL
fail: Microsoft.EntityFrameworkCore.Database.Command[20102]
      Failed executing DbCommand (0ms) [Parameters=[], CommandType='Text', CommandTimeout='30']
      ALTER TABLE "AspNetUsers" ADD COLUMN "IsGuest" INTEGER NOT NULL DEFAULT 0
fail: Microsoft.EntityFrameworkCore.Database.Command[20102]
      Failed executing DbCommand (0ms) [Parameters=[], CommandType='Text', CommandTimeout='30']
      ALTER TABLE "Bookings" ADD COLUMN "GuestAccessToken" TEXT NULL
fail: Microsoft.EntityFrameworkCore.Database.Command[20102]
      Failed executing DbCommand (0ms) [Parameters=[], CommandType='Text', CommandTimeout='30']
      ALTER TABLE "OpenPlaySignups" ADD COLUMN "GuestAccessToken" TEXT NULL
fail: Microsoft.EntityFrameworkCore.Database.Command[20102]
      Failed executing DbCommand (0ms) [Parameters=[], CommandType='Text', CommandTimeout='30']
      ALTER TABLE "OpenPlaySignups" ADD COLUMN "PlayerNames" TEXT NULL
fail: Microsoft.EntityFrameworkCore.Database.Command[20102]
      Failed executing DbCommand (0ms) [Parameters=[], CommandType='Text', CommandTimeout='30']
      ALTER TABLE "AspNetUsers" ADD COLUMN "EmployerOwnerId" TEXT NULL
fail: Microsoft.EntityFrameworkCore.Database.Command[20102]
      Failed executing DbCommand (0ms) [Parameters=[], CommandType='Text', CommandTimeout='30']
      ALTER TABLE "Bookings" ADD COLUMN "LoggedByStaffId" TEXT NULL
fail: Microsoft.EntityFrameworkCore.Database.Command[20102]
      Failed executing DbCommand (0ms) [Parameters=[], CommandType='Text', CommandTimeout='30']
      ALTER TABLE "OpenPlaySignups" ADD COLUMN "LoggedByStaffId" TEXT NULL
fail: Microsoft.EntityFrameworkCore.Database.Command[20102]
      Failed executing DbCommand (0ms) [Parameters=[], CommandType='Text', CommandTimeout='30']
      ALTER TABLE "Bookings" ADD COLUMN "CustomerNameSnapshot" TEXT NULL
fail: Microsoft.EntityFrameworkCore.Database.Command[20102]
      Failed executing DbCommand (0ms) [Parameters=[], CommandType='Text', CommandTimeout='30']
      ALTER TABLE "OpenPlaySignups" ADD COLUMN "CustomerNameSnapshot" TEXT NULL
info: CourtBooking.Services.SubscriptionReminderHostedService[0]
      [SubReminders] starting; first check in 00:01:00
info: CourtBooking.Services.ReservationExpiryCleanupService[0]
      [ReservationExpiry] starting; first check in 00:00:30
info: Microsoft.Hosting.Lifetime[14]
      Now listening on: http://localhost:5050
info: Microsoft.Hosting.Lifetime[0]
      Application started. Press Ctrl+C to shut down.
info: Microsoft.Hosting.Lifetime[0]
      Hosting environment: Development
info: Microsoft.Hosting.Lifetime[0]
      Content root path: C:\Users\Admin\Desktop\jtlprojects\courtbook\CourtBooking
warn: Microsoft.AspNetCore.HttpsPolicy.HttpsRedirectionMiddleware[3]
      Failed to determine the https port for redirect.
info: Microsoft.EntityFrameworkCore.Database.Command[20101]
      Executed DbCommand (1ms) [Parameters=[@__CurrentUserId_0='?' (Size = 36)], CommandType='Text', CommandTimeout='30']
      SELECT "c"."Id"
      FROM "Courts" AS "c"
      WHERE "c"."OwnerId" = @__CurrentUserId_0
info: Microsoft.EntityFrameworkCore.Database.Command[20101]
      Executed DbCommand (1ms) [Parameters=[@__courtIds_0='?' (Size = 5)], CommandType='Text', CommandTimeout='30']
      SELECT COUNT(*)
      FROM "Bookings" AS "b"
      WHERE "b"."CourtId" IN (
          SELECT "c"."value"
          FROM json_each(@__courtIds_0) AS "c"
      ) AND "b"."Status" <> 2
info: Microsoft.EntityFrameworkCore.Database.Command[20101]
      Executed DbCommand (0ms) [Parameters=[@__courtIds_0='?' (Size = 5)], CommandType='Text', CommandTimeout='30']
      SELECT COUNT(*)
      FROM "OpenPlaySignups" AS "o"
      WHERE "o"."CourtId" IN (
          SELECT "c"."value"
          FROM json_each(@__courtIds_0) AS "c"
      ) AND "o"."Status" <> 2
info: Microsoft.EntityFrameworkCore.Database.Command[20101]
      Executed DbCommand (1ms) [Parameters=[@__CurrentUserId_0='?' (Size = 36)], CommandType='Text', CommandTimeout='30']
      SELECT COUNT(*)
      FROM "AddOnRentals" AS "a"
      WHERE "a"."OwnerId" = @__CurrentUserId_0 AND "a"."Status" <> 2
info: Microsoft.EntityFrameworkCore.Database.Command[20101]
      Executed DbCommand (1ms) [Parameters=[@__courtIds_0='?' (Size = 5), @__today_1='?' (DbType = Date)], CommandType='Text', CommandTimeout='30']
      SELECT COUNT(*)
      FROM "Bookings" AS "b"
      WHERE "b"."CourtId" IN (
          SELECT "c"."value"
          FROM json_each(@__courtIds_0) AS "c"
      ) AND "b"."BookingDate" = @__today_1 AND "b"."Status" <> 2
info: Microsoft.EntityFrameworkCore.Database.Command[20101]
      Executed DbCommand (0ms) [Parameters=[@__courtIds_0='?' (Size = 5), @__today_1='?' (DbType = Date)], CommandType='Text', CommandTimeout='30']
      SELECT COUNT(*)
      FROM "OpenPlaySignups" AS "o"
      WHERE "o"."CourtId" IN (
          SELECT "c"."value"
          FROM json_each(@__courtIds_0) AS "c"
      ) AND "o"."BookingDate" = @__today_1 AND "o"."Status" <> 2
info: Microsoft.EntityFrameworkCore.Database.Command[20101]
      Executed DbCommand (0ms) [Parameters=[@__CurrentUserId_0='?' (Size = 36), @__todayDt_1='?' (DbType = DateTime), @__tomorrowDt_2='?' (DbType = DateTime)], CommandType='Text', CommandTimeout='30']
      SELECT COUNT(*)
      FROM "AddOnRentals" AS "a"
      WHERE "a"."OwnerId" = @__CurrentUserId_0 AND "a"."CreatedAt" >= @__todayDt_1 AND "a"."CreatedAt" < @__tomorrowDt_2
info: Microsoft.EntityFrameworkCore.Database.Command[20101]
      Executed DbCommand (9ms) [Parameters=[@__courtIds_0='?' (Size = 5), @__todayDt_1='?' (DbType = DateTime)], CommandType='Text', CommandTimeout='30']
      SELECT COALESCE(ef_sum(CASE
          WHEN "b"."PaymentStatus" = 3 THEN ef_add("b"."TotalPrice", ef_negate(COALESCE("b"."RefundAmount", '0.0')))
          ELSE "b"."TotalPrice"
      END), '0.0')
      FROM "Bookings" AS "b"
      WHERE "b"."CourtId" IN (
          SELECT "c"."value"
          FROM json_each(@__courtIds_0) AS "c"
      ) AND "b"."PaidAt" IS NOT NULL AND "b"."PaidAt" >= @__todayDt_1 AND "b"."PaymentStatus" <> 2
info: Microsoft.EntityFrameworkCore.Database.Command[20101]
      Executed DbCommand (2ms) [Parameters=[@__courtIds_0='?' (Size = 5), @__todayDt_1='?' (DbType = DateTime)], CommandType='Text', CommandTimeout='30']
      SELECT COALESCE(ef_sum(CASE
          WHEN "o"."PaymentStatus" = 3 THEN ef_add("o"."TotalPrice", ef_negate(COALESCE("o"."RefundAmount", '0.0')))
          ELSE "o"."TotalPrice"
      END), '0.0')
      FROM "OpenPlaySignups" AS "o"
      WHERE "o"."CourtId" IN (
          SELECT "c"."value"
          FROM json_each(@__courtIds_0) AS "c"
      ) AND "o"."PaidAt" IS NOT NULL AND "o"."PaidAt" >= @__todayDt_1 AND "o"."PaymentStatus" <> 2
info: Microsoft.EntityFrameworkCore.Database.Command[20101]
      Executed DbCommand (0ms) [Parameters=[@__CurrentUserId_0='?' (Size = 36), @__todayDt_1='?' (DbType = DateTime)], CommandType='Text', CommandTimeout='30']
      SELECT COALESCE(ef_sum("a"."TotalPrice"), '0.0')
      FROM "AddOnRentals" AS "a"
      WHERE "a"."OwnerId" = @__CurrentUserId_0 AND "a"."PaidAt" IS NOT NULL AND "a"."PaidAt" >= @__todayDt_1 AND "a"."PaymentStatus" <> 2
info: Microsoft.EntityFrameworkCore.Database.Command[20101]
      Executed DbCommand (1ms) [Parameters=[@__courtIds_0='?' (Size = 5)], CommandType='Text', CommandTimeout='30']
      SELECT COALESCE(ef_sum(CASE
          WHEN "b"."PaymentStatus" = 3 THEN ef_add("b"."TotalPrice", ef_negate(COALESCE("b"."RefundAmount", '0.0')))
          ELSE "b"."TotalPrice"
      END), '0.0')
      FROM "Bookings" AS "b"
      WHERE "b"."CourtId" IN (
          SELECT "c"."value"
          FROM json_each(@__courtIds_0) AS "c"
      ) AND "b"."Status" IN (1, 3) AND "b"."PaymentStatus" <> 2
info: Microsoft.EntityFrameworkCore.Database.Command[20101]
      Executed DbCommand (0ms) [Parameters=[@__courtIds_0='?' (Size = 5)], CommandType='Text', CommandTimeout='30']
      SELECT COALESCE(ef_sum(CASE
          WHEN "o"."PaymentStatus" = 3 THEN ef_add("o"."TotalPrice", ef_negate(COALESCE("o"."RefundAmount", '0.0')))
          ELSE "o"."TotalPrice"
      END), '0.0')
      FROM "OpenPlaySignups" AS "o"
      WHERE "o"."CourtId" IN (
          SELECT "c"."value"
          FROM json_each(@__courtIds_0) AS "c"
      ) AND "o"."Status" IN (1, 3) AND "o"."PaymentStatus" <> 2
info: Microsoft.EntityFrameworkCore.Database.Command[20101]
      Executed DbCommand (0ms) [Parameters=[@__CurrentUserId_0='?' (Size = 36)], CommandType='Text', CommandTimeout='30']
      SELECT COALESCE(ef_sum("a"."TotalPrice"), '0.0')
      FROM "AddOnRentals" AS "a"
      WHERE "a"."OwnerId" = @__CurrentUserId_0 AND "a"."Status" IN (1, 3) AND "a"."PaymentStatus" <> 2
info: Microsoft.EntityFrameworkCore.Database.Command[20101]
      Executed DbCommand (0ms) [Parameters=[@__courtIds_0='?' (Size = 5)], CommandType='Text', CommandTimeout='30']
      SELECT COUNT(*)
      FROM "Bookings" AS "b"
      WHERE "b"."CourtId" IN (
          SELECT "c"."value"
          FROM json_each(@__courtIds_0) AS "c"
      ) AND "b"."Status" = 0 AND "b"."PaymentProofSubmittedAt" IS NOT NULL
info: Microsoft.EntityFrameworkCore.Database.Command[20101]
      Executed DbCommand (0ms) [Parameters=[@__courtIds_0='?' (Size = 5)], CommandType='Text', CommandTimeout='30']
      SELECT COUNT(*)
      FROM "OpenPlaySignups" AS "o"
      WHERE "o"."CourtId" IN (
          SELECT "c"."value"
          FROM json_each(@__courtIds_0) AS "c"
      ) AND "o"."Status" = 0 AND "o"."PaymentProofSubmittedAt" IS NOT NULL
info: Microsoft.EntityFrameworkCore.Database.Command[20101]
      Executed DbCommand (0ms) [Parameters=[@__CurrentUserId_0='?' (Size = 36)], CommandType='Text', CommandTimeout='30']
      SELECT COUNT(*)
      FROM "AddOnRentals" AS "a"
      WHERE "a"."OwnerId" = @__CurrentUserId_0 AND "a"."Status" = 0 AND "a"."PaymentProofPath" IS NOT NULL
info: Microsoft.EntityFrameworkCore.Database.Command[20101]
      Executed DbCommand (0ms) [Parameters=[@__courtIds_0='?' (Size = 5)], CommandType='Text', CommandTimeout='30']
      SELECT COUNT(*)
      FROM "Bookings" AS "b"
      WHERE "b"."CourtId" IN (
          SELECT "c"."value"
          FROM json_each(@__courtIds_0) AS "c"
      ) AND "b"."Status" = 0 AND "b"."PaymentReference" IS NULL
info: Microsoft.EntityFrameworkCore.Database.Command[20101]
      Executed DbCommand (0ms) [Parameters=[@__courtIds_0='?' (Size = 5)], CommandType='Text', CommandTimeout='30']
      SELECT COUNT(*)
      FROM "OpenPlaySignups" AS "o"
      WHERE "o"."CourtId" IN (
          SELECT "c"."value"
          FROM json_each(@__courtIds_0) AS "c"
      ) AND "o"."Status" = 0 AND "o"."PaymentReference" IS NULL
info: Microsoft.EntityFrameworkCore.Database.Command[20101]
      Executed DbCommand (0ms) [Parameters=[@__CurrentUserId_0='?' (Size = 36)], CommandType='Text', CommandTimeout='30']
      SELECT COUNT(*)
      FROM "AddOnRentals" AS "a"
      WHERE "a"."OwnerId" = @__CurrentUserId_0 AND "a"."Status" = 0 AND "a"."PaymentReference" IS NULL
info: Microsoft.EntityFrameworkCore.Database.Command[20101]
      Executed DbCommand (2ms) [Parameters=[@__courtIds_0='?' (Size = 5)], CommandType='Text', CommandTimeout='30']
      SELECT COALESCE(ef_sum(ef_multiply(CAST("b"."Quantity" AS numeric(10,2)), "b"."UnitPrice")), '0.0')
      FROM "BookingAddOns" AS "b"
      INNER JOIN "Bookings" AS "b0" ON "b"."BookingId" = "b0"."Id"
      WHERE "b0"."CourtId" IN (
          SELECT "c"."value"
          FROM json_each(@__courtIds_0) AS "c"
      ) AND "b0"."Status" IN (1, 3) AND "b0"."PaymentStatus" <> 2
info: Microsoft.EntityFrameworkCore.Database.Command[20101]
      Executed DbCommand (0ms) [Parameters=[@__CurrentUserId_0='?' (Size = 36)], CommandType='Text', CommandTimeout='30']
      SELECT COALESCE(ef_sum("a"."TotalPrice"), '0.0')
      FROM "AddOnRentals" AS "a"
      WHERE "a"."OwnerId" = @__CurrentUserId_0 AND "a"."Status" IN (1, 3) AND "a"."PaymentStatus" <> 2
info: Microsoft.EntityFrameworkCore.Database.Command[20101]
      Executed DbCommand (1ms) [Parameters=[@__courtIds_0='?' (Size = 5), @__rangeFromUtc_1='?' (DbType = DateTime), @__rangeToExclusiveUtc_2='?' (DbType = DateTime), @__rangeFrom_3='?' (DbType = Date), @__rangeTo_4='?' (DbType = Date)], CommandType='Text', CommandTimeout='30']
      SELECT "b"."BookingDate", "b"."TotalPrice", "b"."Status", "b"."PaymentStatus", "b"."PaidAt", "b"."PaymentProofSubmittedAt" IS NOT NULL, "b"."PaymentReference", "b"."PaymentMethod", "b"."CourtId", "b"."LoggedByStaffId", "b"."RefundAmount"
      FROM "Bookings" AS "b"
      WHERE "b"."CourtId" IN (
          SELECT "c"."value"
          FROM json_each(@__courtIds_0) AS "c"
      ) AND (("b"."PaidAt" IS NOT NULL AND "b"."PaidAt" >= @__rangeFromUtc_1 AND "b"."PaidAt" < @__rangeToExclusiveUtc_2) OR ("b"."PaidAt" IS NULL AND "b"."BookingDate" >= @__rangeFrom_3 AND "b"."BookingDate" <= @__rangeTo_4))
info: Microsoft.EntityFrameworkCore.Database.Command[20101]
      Executed DbCommand (0ms) [Parameters=[@__courtIds_0='?' (Size = 5), @__rangeFromUtc_1='?' (DbType = DateTime), @__rangeToExclusiveUtc_2='?' (DbType = DateTime), @__rangeFrom_3='?' (DbType = Date), @__rangeTo_4='?' (DbType = Date)], CommandType='Text', CommandTimeout='30']
      SELECT "o"."BookingDate", "o"."TotalPrice", "o"."Status", "o"."PaymentStatus", "o"."PaidAt", "o"."PaymentProofSubmittedAt" IS NOT NULL, "o"."PaymentReference", "o"."PaymentMethod", "o"."CourtId", "o"."LoggedByStaffId", "o"."RefundAmount"
      FROM "OpenPlaySignups" AS "o"
      WHERE "o"."CourtId" IN (
          SELECT "c"."value"
          FROM json_each(@__courtIds_0) AS "c"
      ) AND (("o"."PaidAt" IS NOT NULL AND "o"."PaidAt" >= @__rangeFromUtc_1 AND "o"."PaidAt" < @__rangeToExclusiveUtc_2) OR ("o"."PaidAt" IS NULL AND "o"."BookingDate" >= @__rangeFrom_3 AND "o"."BookingDate" <= @__rangeTo_4))
info: Microsoft.EntityFrameworkCore.Database.Command[20101]
      Executed DbCommand (0ms) [Parameters=[@__CurrentUserId_0='?' (Size = 36), @__rangeFromUtc_1='?' (DbType = DateTime), @__rangeToExclusiveUtc_2='?' (DbType = DateTime), @__rangeFromUtc_3='?' (DbType = DateTime), @__rangeToExclusiveUtc_4='?' (DbType = DateTime)], CommandType='Text', CommandTimeout='30']
      SELECT "a"."CreatedAt", "a"."TotalPrice", "a"."Status", "a"."PaymentStatus", "a"."PaidAt", "a"."PaymentProofPath" IS NOT NULL AS "HasProof", "a"."PaymentReference", "a"."PaymentMethod", "a"."LoggedByStaffId"
      FROM "AddOnRentals" AS "a"
      WHERE "a"."OwnerId" = @__CurrentUserId_0 AND (("a"."PaidAt" IS NOT NULL AND "a"."PaidAt" >= @__rangeFromUtc_1 AND "a"."PaidAt" < @__rangeToExclusiveUtc_2) OR ("a"."PaidAt" IS NULL AND "a"."CreatedAt" >= @__rangeFromUtc_3 AND "a"."CreatedAt" < @__rangeToExclusiveUtc_4))
info: Microsoft.EntityFrameworkCore.Database.Command[20101]
      Executed DbCommand (0ms) [Parameters=[@__courtIds_0='?' (Size = 5)], CommandType='Text', CommandTimeout='30']
      SELECT "c"."Id", "c"."Name"
      FROM "Courts" AS "c"
      WHERE "c"."Id" IN (
          SELECT "c0"."value"
          FROM json_each(@__courtIds_0) AS "c0"
      )
info: Microsoft.EntityFrameworkCore.Database.Command[20101]
      Executed DbCommand (1ms) [Parameters=[@__staffIds_0='?' (Size = 79)], CommandType='Text', CommandTimeout='30']
      SELECT "a"."Id", "a"."AccessFailedCount", "a"."ConcurrencyStamp", "a"."CreatedAt", "a"."Email", "a"."EmailConfirmed", "a"."EmployerOwnerId", "a"."FirstName", "a"."IsGuest", "a"."LastName", "a"."LockoutEnabled", "a"."LockoutEnd", "a"."NormalizedEmail", "a"."NormalizedUserName", "a"."PasswordHash", "a"."PhoneNumber", "a"."PhoneNumberAlt", "a"."PhoneNumberConfirmed", "a"."PreferredFacilitySlug", "a"."PrivacyPolicyAcceptedAt", "a"."SecurityStamp", "a"."TwoFactorEnabled", "a"."UserName"
      FROM "AspNetUsers" AS "a"
      WHERE "a"."Id" IN (
          SELECT "s"."value"
          FROM json_each(@__staffIds_0) AS "s"
      )
info: Microsoft.EntityFrameworkCore.Database.Command[20101]
      Executed DbCommand (1ms) [Parameters=[@__courtIds_0='?' (Size = 5), @__rangeFromUtc_1='?' (DbType = DateTime), @__rangeToExclusiveUtc_2='?' (DbType = DateTime), @__rangeFrom_3='?' (DbType = Date), @__rangeTo_4='?' (DbType = Date)], CommandType='Text', CommandTimeout='30']
      SELECT "b"."AddOnItemId", "a"."Name", "b"."Quantity", "b"."UnitPrice", "b0"."BookingDate", "b0"."PaidAt", "b0"."Status", "b0"."PaymentStatus"
      FROM "BookingAddOns" AS "b"
      INNER JOIN "Bookings" AS "b0" ON "b"."BookingId" = "b0"."Id"
      INNER JOIN "AddOnItems" AS "a" ON "b"."AddOnItemId" = "a"."Id"
      WHERE "b0"."CourtId" IN (
          SELECT "c"."value"
          FROM json_each(@__courtIds_0) AS "c"
      ) AND (("b0"."PaidAt" IS NOT NULL AND "b0"."PaidAt" >= @__rangeFromUtc_1 AND "b0"."PaidAt" < @__rangeToExclusiveUtc_2) OR ("b0"."PaidAt" IS NULL AND "b0"."BookingDate" >= @__rangeFrom_3 AND "b0"."BookingDate" <= @__rangeTo_4))
info: Microsoft.EntityFrameworkCore.Database.Command[20101]
      Executed DbCommand (1ms) [Parameters=[@__CurrentUserId_0='?' (Size = 36), @__rangeFromUtc_1='?' (DbType = DateTime), @__rangeToExclusiveUtc_2='?' (DbType = DateTime), @__rangeFromUtc_3='?' (DbType = DateTime), @__rangeToExclusiveUtc_4='?' (DbType = DateTime)], CommandType='Text', CommandTimeout='30']
      SELECT "a"."AddOnItemId", "a1"."Name", "a"."Quantity", "a"."UnitPrice", "a0"."CreatedAt", "a0"."PaidAt", "a0"."Status", "a0"."PaymentStatus"
      FROM "AddOnRentalItems" AS "a"
      INNER JOIN "AddOnRentals" AS "a0" ON "a"."AddOnRentalId" = "a0"."Id"
      INNER JOIN "AddOnItems" AS "a1" ON "a"."AddOnItemId" = "a1"."Id"
      WHERE "a0"."OwnerId" = @__CurrentUserId_0 AND (("a0"."PaidAt" IS NOT NULL AND "a0"."PaidAt" >= @__rangeFromUtc_1 AND "a0"."PaidAt" < @__rangeToExclusiveUtc_2) OR ("a0"."PaidAt" IS NULL AND "a0"."CreatedAt" >= @__rangeFromUtc_3 AND "a0"."CreatedAt" < @__rangeToExclusiveUtc_4))
info: Microsoft.EntityFrameworkCore.Database.Command[20101]
      Executed DbCommand (0ms) [Parameters=[], CommandType='Text', CommandTimeout='30']
      SELECT "b"."Id", "b"."BookingDate", "b"."BundleGroupId", "b"."CheckoutSessionId", "b"."CommissionAmount", "b"."CommissionPaid", "b"."CourtBundleId", "b"."CourtId", "b"."CourtName", "b"."CreatedAt", "b"."CustomerName", "b"."CustomerNameSnapshot", "b"."DiscountAmount", "b"."EndTime", "b"."FacilityName", "b"."GuestAccessToken", "b"."LoggedByStaffId", "b"."LoggedByStaffName", "b"."Notes", "b"."PaidAt", "b"."PaymentMethod", "b"."PaymentProofPath", "b"."PaymentProofSubmittedAt", "b"."PaymentReference", "b"."PaymentStatus", "b"."RefundAmount", "b"."RefundReason", "b"."RefundedAt", "b"."ReservedUntil", "b"."StartTime", "b"."Status", "b"."TotalPrice", "b"."UserId", "b"."VoucherCode", "b"."VoucherId"
      FROM "Bookings" AS "b"
      WHERE "b"."Status" = 0 AND "b"."ReservedUntil" IS NOT NULL
info: Microsoft.EntityFrameworkCore.Database.Command[20101]
      Executed DbCommand (0ms) [Parameters=[], CommandType='Text', CommandTimeout='30']
      SELECT "o"."Id", "o"."BookingDate", "o"."CommissionAmount", "o"."CourtId", "o"."CourtName", "o"."CreatedAt", "o"."CustomerName", "o"."CustomerNameSnapshot", "o"."DiscountAmount", "o"."EndHour", "o"."FacilityName", "o"."GuestAccessToken", "o"."LoggedByStaffId", "o"."LoggedByStaffName", "o"."Notes", "o"."PaidAt", "o"."PaymentMethod", "o"."PaymentProofPath", "o"."PaymentProofSubmittedAt", "o"."PaymentReference", "o"."PaymentStatus", "o"."PlayerNames", "o"."PricePerHeadSnapshot", "o"."RefundAmount", "o"."RefundReason", "o"."RefundedAt", "o"."ReservedUntil", "o"."SpotCount", "o"."StartHour", "o"."Status", "o"."TotalPrice", "o"."UserId", "o"."VoucherCode", "o"."VoucherId"
      FROM "OpenPlaySignups" AS "o"
      WHERE "o"."Status" = 0 AND "o"."ReservedUntil" IS NOT NULL
info: Microsoft.EntityFrameworkCore.Database.Command[20101]
      Executed DbCommand (0ms) [Parameters=[], CommandType='Text', CommandTimeout='30']
      SELECT "f"."Id", "f"."Address", "f"."BillingModel", "f"."BrandLogoUrl", "f"."BrandName", "f"."BrandTagline", "f"."CommissionBalanceOwed", "f"."CommissionPaymentProofPath", "f"."CommissionPaymentRef", "f"."CommissionPaymentSubmittedAt", "f"."CommissionRate", "f"."CommissionTotalPaid", "f"."DeactivatedAt", "f"."FacebookUrl", "f"."FacilityName", "f"."GCashName", "f"."GCashNumber", "f"."GCashQrCodePath", "f"."GoTymeName", "f"."GoTymeNumber", "f"."GoTymeQrCodePath", "f"."HouseRules", "f"."InstagramUrl", "f"."IsDeactivated", "f"."IsSubscribed", "f"."IsSuspended", "f"."LastExpiryReminderThreshold", "f"."MayaName", "f"."MayaNumber", "f"."MayaQrCodePath", "f"."OwnerId", "f"."PayMongoMethods", "f"."PayMongoSecretKey", "f"."PaymentInstructions", "f"."Slug", "f"."SubscriptionActivatedAt", "f"."SubscriptionExpiresAt", "f"."SubscriptionPaymentRef", "f"."SubscriptionPlan", "f"."SubscriptionProofPath", "f"."SubscriptionSubmittedAt", "f"."SuspendedAt", "f"."SuspendedReason", "f"."TrialStartedAt"
      FROM "FacilitySettings" AS "f"
      WHERE "f"."IsSubscribed" AND "f"."OwnerId" IS NOT NULL AND ("f"."SubscriptionExpiresAt" IS NOT NULL OR "f"."SubscriptionActivatedAt" IS NOT NULL)
info: CourtBooking.Services.SubscriptionReminderHostedService[0]
      [SubReminders] sweep complete ΓÇö checked 0, sent 0
info: Microsoft.EntityFrameworkCore.Database.Command[20101]
      Executed DbCommand (0ms) [Parameters=[@__CurrentUserId_0='?' (Size = 36)], CommandType='Text', CommandTimeout='30']
      SELECT "c"."Id"
      FROM "Courts" AS "c"
      WHERE "c"."OwnerId" = @__CurrentUserId_0
info: Microsoft.EntityFrameworkCore.Database.Command[20101]
      Executed DbCommand (0ms) [Parameters=[@__courtIds_0='?' (Size = 5)], CommandType='Text', CommandTimeout='30']
      SELECT COUNT(*)
      FROM "Bookings" AS "b"
      WHERE "b"."CourtId" IN (
          SELECT "c"."value"
          FROM json_each(@__courtIds_0) AS "c"
      ) AND "b"."Status" <> 2
info: Microsoft.EntityFrameworkCore.Database.Command[20101]
      Executed DbCommand (0ms) [Parameters=[@__courtIds_0='?' (Size = 5)], CommandType='Text', CommandTimeout='30']
      SELECT COUNT(*)
      FROM "OpenPlaySignups" AS "o"
      WHERE "o"."CourtId" IN (
          SELECT "c"."value"
          FROM json_each(@__courtIds_0) AS "c"
      ) AND "o"."Status" <> 2
info: Microsoft.EntityFrameworkCore.Database.Command[20101]
      Executed DbCommand (0ms) [Parameters=[@__CurrentUserId_0='?' (Size = 36)], CommandType='Text', CommandTimeout='30']
      SELECT COUNT(*)
      FROM "AddOnRentals" AS "a"
      WHERE "a"."OwnerId" = @__CurrentUserId_0 AND "a"."Status" <> 2
info: Microsoft.EntityFrameworkCore.Database.Command[20101]
      Executed DbCommand (0ms) [Parameters=[@__courtIds_0='?' (Size = 5), @__today_1='?' (DbType = Date)], CommandType='Text', CommandTimeout='30']
      SELECT COUNT(*)
      FROM "Bookings" AS "b"
      WHERE "b"."CourtId" IN (
          SELECT "c"."value"
          FROM json_each(@__courtIds_0) AS "c"
      ) AND "b"."BookingDate" = @__today_1 AND "b"."Status" <> 2
info: Microsoft.EntityFrameworkCore.Database.Command[20101]
      Executed DbCommand (0ms) [Parameters=[@__courtIds_0='?' (Size = 5), @__today_1='?' (DbType = Date)], CommandType='Text', CommandTimeout='30']
      SELECT COUNT(*)
      FROM "OpenPlaySignups" AS "o"
      WHERE "o"."CourtId" IN (
          SELECT "c"."value"
          FROM json_each(@__courtIds_0) AS "c"
      ) AND "o"."BookingDate" = @__today_1 AND "o"."Status" <> 2
info: Microsoft.EntityFrameworkCore.Database.Command[20101]
      Executed DbCommand (0ms) [Parameters=[@__CurrentUserId_0='?' (Size = 36), @__todayDt_1='?' (DbType = DateTime), @__tomorrowDt_2='?' (DbType = DateTime)], CommandType='Text', CommandTimeout='30']
      SELECT COUNT(*)
      FROM "AddOnRentals" AS "a"
      WHERE "a"."OwnerId" = @__CurrentUserId_0 AND "a"."CreatedAt" >= @__todayDt_1 AND "a"."CreatedAt" < @__tomorrowDt_2
info: Microsoft.EntityFrameworkCore.Database.Command[20101]
      Executed DbCommand (0ms) [Parameters=[@__courtIds_0='?' (Size = 5), @__todayDt_1='?' (DbType = DateTime)], CommandType='Text', CommandTimeout='30']
      SELECT COALESCE(ef_sum(CASE
          WHEN "b"."PaymentStatus" = 3 THEN ef_add("b"."TotalPrice", ef_negate(COALESCE("b"."RefundAmount", '0.0')))
          ELSE "b"."TotalPrice"
      END), '0.0')
      FROM "Bookings" AS "b"
      WHERE "b"."CourtId" IN (
          SELECT "c"."value"
          FROM json_each(@__courtIds_0) AS "c"
      ) AND "b"."PaidAt" IS NOT NULL AND "b"."PaidAt" >= @__todayDt_1 AND "b"."PaymentStatus" <> 2
info: Microsoft.EntityFrameworkCore.Database.Command[20101]
      Executed DbCommand (0ms) [Parameters=[@__courtIds_0='?' (Size = 5), @__todayDt_1='?' (DbType = DateTime)], CommandType='Text', CommandTimeout='30']
      SELECT COALESCE(ef_sum(CASE
          WHEN "o"."PaymentStatus" = 3 THEN ef_add("o"."TotalPrice", ef_negate(COALESCE("o"."RefundAmount", '0.0')))
          ELSE "o"."TotalPrice"
      END), '0.0')
      FROM "OpenPlaySignups" AS "o"
      WHERE "o"."CourtId" IN (
          SELECT "c"."value"
          FROM json_each(@__courtIds_0) AS "c"
      ) AND "o"."PaidAt" IS NOT NULL AND "o"."PaidAt" >= @__todayDt_1 AND "o"."PaymentStatus" <> 2
info: Microsoft.EntityFrameworkCore.Database.Command[20101]
      Executed DbCommand (0ms) [Parameters=[@__CurrentUserId_0='?' (Size = 36), @__todayDt_1='?' (DbType = DateTime)], CommandType='Text', CommandTimeout='30']
      SELECT COALESCE(ef_sum("a"."TotalPrice"), '0.0')
      FROM "AddOnRentals" AS "a"
      WHERE "a"."OwnerId" = @__CurrentUserId_0 AND "a"."PaidAt" IS NOT NULL AND "a"."PaidAt" >= @__todayDt_1 AND "a"."PaymentStatus" <> 2
info: Microsoft.EntityFrameworkCore.Database.Command[20101]
      Executed DbCommand (1ms) [Parameters=[@__courtIds_0='?' (Size = 5)], CommandType='Text', CommandTimeout='30']
      SELECT COALESCE(ef_sum(CASE
          WHEN "b"."PaymentStatus" = 3 THEN ef_add("b"."TotalPrice", ef_negate(COALESCE("b"."RefundAmount", '0.0')))
          ELSE "b"."TotalPrice"
      END), '0.0')
      FROM "Bookings" AS "b"
      WHERE "b"."CourtId" IN (
          SELECT "c"."value"
          FROM json_each(@__courtIds_0) AS "c"
      ) AND "b"."Status" IN (1, 3) AND "b"."PaymentStatus" <> 2
info: Microsoft.EntityFrameworkCore.Database.Command[20101]
      Executed DbCommand (0ms) [Parameters=[@__courtIds_0='?' (Size = 5)], CommandType='Text', CommandTimeout='30']
      SELECT COALESCE(ef_sum(CASE
          WHEN "o"."PaymentStatus" = 3 THEN ef_add("o"."TotalPrice", ef_negate(COALESCE("o"."RefundAmount", '0.0')))
          ELSE "o"."TotalPrice"
      END), '0.0')
      FROM "OpenPlaySignups" AS "o"
      WHERE "o"."CourtId" IN (
          SELECT "c"."value"
          FROM json_each(@__courtIds_0) AS "c"
      ) AND "o"."Status" IN (1, 3) AND "o"."PaymentStatus" <> 2
info: Microsoft.EntityFrameworkCore.Database.Command[20101]
      Executed DbCommand (0ms) [Parameters=[@__CurrentUserId_0='?' (Size = 36)], CommandType='Text', CommandTimeout='30']
      SELECT COALESCE(ef_sum("a"."TotalPrice"), '0.0')
      FROM "AddOnRentals" AS "a"
      WHERE "a"."OwnerId" = @__CurrentUserId_0 AND "a"."Status" IN (1, 3) AND "a"."PaymentStatus" <> 2
info: Microsoft.EntityFrameworkCore.Database.Command[20101]
      Executed DbCommand (0ms) [Parameters=[@__courtIds_0='?' (Size = 5)], CommandType='Text', CommandTimeout='30']
      SELECT COUNT(*)
      FROM "Bookings" AS "b"
      WHERE "b"."CourtId" IN (
          SELECT "c"."value"
          FROM json_each(@__courtIds_0) AS "c"
      ) AND "b"."Status" = 0 AND "b"."PaymentProofSubmittedAt" IS NOT NULL
info: Microsoft.EntityFrameworkCore.Database.Command[20101]
      Executed DbCommand (0ms) [Parameters=[@__courtIds_0='?' (Size = 5)], CommandType='Text', CommandTimeout='30']
      SELECT COUNT(*)
      FROM "OpenPlaySignups" AS "o"
      WHERE "o"."CourtId" IN (
          SELECT "c"."value"
          FROM json_each(@__courtIds_0) AS "c"
      ) AND "o"."Status" = 0 AND "o"."PaymentProofSubmittedAt" IS NOT NULL
info: Microsoft.EntityFrameworkCore.Database.Command[20101]
      Executed DbCommand (0ms) [Parameters=[@__CurrentUserId_0='?' (Size = 36)], CommandType='Text', CommandTimeout='30']
      SELECT COUNT(*)
      FROM "AddOnRentals" AS "a"
      WHERE "a"."OwnerId" = @__CurrentUserId_0 AND "a"."Status" = 0 AND "a"."PaymentProofPath" IS NOT NULL
info: Microsoft.EntityFrameworkCore.Database.Command[20101]
      Executed DbCommand (0ms) [Parameters=[@__courtIds_0='?' (Size = 5)], CommandType='Text', CommandTimeout='30']
      SELECT COUNT(*)
      FROM "Bookings" AS "b"
      WHERE "b"."CourtId" IN (
          SELECT "c"."value"
          FROM json_each(@__courtIds_0) AS "c"
      ) AND "b"."Status" = 0 AND "b"."PaymentReference" IS NULL
info: Microsoft.EntityFrameworkCore.Database.Command[20101]
      Executed DbCommand (0ms) [Parameters=[@__courtIds_0='?' (Size = 5)], CommandType='Text', CommandTimeout='30']
      SELECT COUNT(*)
      FROM "OpenPlaySignups" AS "o"
      WHERE "o"."CourtId" IN (
          SELECT "c"."value"
          FROM json_each(@__courtIds_0) AS "c"
      ) AND "o"."Status" = 0 AND "o"."PaymentReference" IS NULL
info: Microsoft.EntityFrameworkCore.Database.Command[20101]
      Executed DbCommand (0ms) [Parameters=[@__CurrentUserId_0='?' (Size = 36)], CommandType='Text', CommandTimeout='30']
      SELECT COUNT(*)
      FROM "AddOnRentals" AS "a"
      WHERE "a"."OwnerId" = @__CurrentUserId_0 AND "a"."Status" = 0 AND "a"."PaymentReference" IS NULL
info: Microsoft.EntityFrameworkCore.Database.Command[20101]
      Executed DbCommand (0ms) [Parameters=[@__courtIds_0='?' (Size = 5)], CommandType='Text', CommandTimeout='30']
      SELECT COALESCE(ef_sum(ef_multiply(CAST("b"."Quantity" AS numeric(10,2)), "b"."UnitPrice")), '0.0')
      FROM "BookingAddOns" AS "b"
      INNER JOIN "Bookings" AS "b0" ON "b"."BookingId" = "b0"."Id"
      WHERE "b0"."CourtId" IN (
          SELECT "c"."value"
          FROM json_each(@__courtIds_0) AS "c"
      ) AND "b0"."Status" IN (1, 3) AND "b0"."PaymentStatus" <> 2
info: Microsoft.EntityFrameworkCore.Database.Command[20101]
      Executed DbCommand (0ms) [Parameters=[@__CurrentUserId_0='?' (Size = 36)], CommandType='Text', CommandTimeout='30']
      SELECT COALESCE(ef_sum("a"."TotalPrice"), '0.0')
      FROM "AddOnRentals" AS "a"
      WHERE "a"."OwnerId" = @__CurrentUserId_0 AND "a"."Status" IN (1, 3) AND "a"."PaymentStatus" <> 2
info: Microsoft.EntityFrameworkCore.Database.Command[20101]
      Executed DbCommand (0ms) [Parameters=[@__courtIds_0='?' (Size = 5), @__rangeFromUtc_1='?' (DbType = DateTime), @__rangeToExclusiveUtc_2='?' (DbType = DateTime), @__rangeFrom_3='?' (DbType = Date), @__rangeTo_4='?' (DbType = Date)], CommandType='Text', CommandTimeout='30']
      SELECT "b"."BookingDate", "b"."TotalPrice", "b"."Status", "b"."PaymentStatus", "b"."PaidAt", "b"."PaymentProofSubmittedAt" IS NOT NULL, "b"."PaymentReference", "b"."PaymentMethod", "b"."CourtId", "b"."LoggedByStaffId", "b"."RefundAmount"
      FROM "Bookings" AS "b"
      WHERE "b"."CourtId" IN (
          SELECT "c"."value"
          FROM json_each(@__courtIds_0) AS "c"
      ) AND (("b"."PaidAt" IS NOT NULL AND "b"."PaidAt" >= @__rangeFromUtc_1 AND "b"."PaidAt" < @__rangeToExclusiveUtc_2) OR ("b"."PaidAt" IS NULL AND "b"."BookingDate" >= @__rangeFrom_3 AND "b"."BookingDate" <= @__rangeTo_4))
info: Microsoft.EntityFrameworkCore.Database.Command[20101]
      Executed DbCommand (0ms) [Parameters=[@__courtIds_0='?' (Size = 5), @__rangeFromUtc_1='?' (DbType = DateTime), @__rangeToExclusiveUtc_2='?' (DbType = DateTime), @__rangeFrom_3='?' (DbType = Date), @__rangeTo_4='?' (DbType = Date)], CommandType='Text', CommandTimeout='30']
      SELECT "o"."BookingDate", "o"."TotalPrice", "o"."Status", "o"."PaymentStatus", "o"."PaidAt", "o"."PaymentProofSubmittedAt" IS NOT NULL, "o"."PaymentReference", "o"."PaymentMethod", "o"."CourtId", "o"."LoggedByStaffId", "o"."RefundAmount"
      FROM "OpenPlaySignups" AS "o"
      WHERE "o"."CourtId" IN (
          SELECT "c"."value"
          FROM json_each(@__courtIds_0) AS "c"
      ) AND (("o"."PaidAt" IS NOT NULL AND "o"."PaidAt" >= @__rangeFromUtc_1 AND "o"."PaidAt" < @__rangeToExclusiveUtc_2) OR ("o"."PaidAt" IS NULL AND "o"."BookingDate" >= @__rangeFrom_3 AND "o"."BookingDate" <= @__rangeTo_4))
info: Microsoft.EntityFrameworkCore.Database.Command[20101]
      Executed DbCommand (0ms) [Parameters=[@__CurrentUserId_0='?' (Size = 36), @__rangeFromUtc_1='?' (DbType = DateTime), @__rangeToExclusiveUtc_2='?' (DbType = DateTime), @__rangeFromUtc_3='?' (DbType = DateTime), @__rangeToExclusiveUtc_4='?' (DbType = DateTime)], CommandType='Text', CommandTimeout='30']
      SELECT "a"."CreatedAt", "a"."TotalPrice", "a"."Status", "a"."PaymentStatus", "a"."PaidAt", "a"."PaymentProofPath" IS NOT NULL AS "HasProof", "a"."PaymentReference", "a"."PaymentMethod", "a"."LoggedByStaffId"
      FROM "AddOnRentals" AS "a"
      WHERE "a"."OwnerId" = @__CurrentUserId_0 AND (("a"."PaidAt" IS NOT NULL AND "a"."PaidAt" >= @__rangeFromUtc_1 AND "a"."PaidAt" < @__rangeToExclusiveUtc_2) OR ("a"."PaidAt" IS NULL AND "a"."CreatedAt" >= @__rangeFromUtc_3 AND "a"."CreatedAt" < @__rangeToExclusiveUtc_4))
info: Microsoft.EntityFrameworkCore.Database.Command[20101]
      Executed DbCommand (0ms) [Parameters=[@__courtIds_0='?' (Size = 5)], CommandType='Text', CommandTimeout='30']
      SELECT "c"."Id", "c"."Name"
      FROM "Courts" AS "c"
      WHERE "c"."Id" IN (
          SELECT "c0"."value"
          FROM json_each(@__courtIds_0) AS "c0"
      )
info: Microsoft.EntityFrameworkCore.Database.Command[20101]
      Executed DbCommand (0ms) [Parameters=[@__staffIds_0='?' (Size = 79)], CommandType='Text', CommandTimeout='30']
      SELECT "a"."Id", "a"."AccessFailedCount", "a"."ConcurrencyStamp", "a"."CreatedAt", "a"."Email", "a"."EmailConfirmed", "a"."EmployerOwnerId", "a"."FirstName", "a"."IsGuest", "a"."LastName", "a"."LockoutEnabled", "a"."LockoutEnd", "a"."NormalizedEmail", "a"."NormalizedUserName", "a"."PasswordHash", "a"."PhoneNumber", "a"."PhoneNumberAlt", "a"."PhoneNumberConfirmed", "a"."PreferredFacilitySlug", "a"."PrivacyPolicyAcceptedAt", "a"."SecurityStamp", "a"."TwoFactorEnabled", "a"."UserName"
      FROM "AspNetUsers" AS "a"
      WHERE "a"."Id" IN (
          SELECT "s"."value"
          FROM json_each(@__staffIds_0) AS "s"
      )
info: Microsoft.EntityFrameworkCore.Database.Command[20101]
      Executed DbCommand (0ms) [Parameters=[@__courtIds_0='?' (Size = 5), @__rangeFromUtc_1='?' (DbType = DateTime), @__rangeToExclusiveUtc_2='?' (DbType = DateTime), @__rangeFrom_3='?' (DbType = Date), @__rangeTo_4='?' (DbType = Date)], CommandType='Text', CommandTimeout='30']
      SELECT "b"."AddOnItemId", "a"."Name", "b"."Quantity", "b"."UnitPrice", "b0"."BookingDate", "b0"."PaidAt", "b0"."Status", "b0"."PaymentStatus"
      FROM "BookingAddOns" AS "b"
      INNER JOIN "Bookings" AS "b0" ON "b"."BookingId" = "b0"."Id"
      INNER JOIN "AddOnItems" AS "a" ON "b"."AddOnItemId" = "a"."Id"
      WHERE "b0"."CourtId" IN (
          SELECT "c"."value"
          FROM json_each(@__courtIds_0) AS "c"
      ) AND (("b0"."PaidAt" IS NOT NULL AND "b0"."PaidAt" >= @__rangeFromUtc_1 AND "b0"."PaidAt" < @__rangeToExclusiveUtc_2) OR ("b0"."PaidAt" IS NULL AND "b0"."BookingDate" >= @__rangeFrom_3 AND "b0"."BookingDate" <= @__rangeTo_4))
info: Microsoft.EntityFrameworkCore.Database.Command[20101]
      Executed DbCommand (0ms) [Parameters=[@__CurrentUserId_0='?' (Size = 36), @__rangeFromUtc_1='?' (DbType = DateTime), @__rangeToExclusiveUtc_2='?' (DbType = DateTime), @__rangeFromUtc_3='?' (DbType = DateTime), @__rangeToExclusiveUtc_4='?' (DbType = DateTime)], CommandType='Text', CommandTimeout='30']
      SELECT "a"."AddOnItemId", "a1"."Name", "a"."Quantity", "a"."UnitPrice", "a0"."CreatedAt", "a0"."PaidAt", "a0"."Status", "a0"."PaymentStatus"
      FROM "AddOnRentalItems" AS "a"
      INNER JOIN "AddOnRentals" AS "a0" ON "a"."AddOnRentalId" = "a0"."Id"
      INNER JOIN "AddOnItems" AS "a1" ON "a"."AddOnItemId" = "a1"."Id"
      WHERE "a0"."OwnerId" = @__CurrentUserId_0 AND (("a0"."PaidAt" IS NOT NULL AND "a0"."PaidAt" >= @__rangeFromUtc_1 AND "a0"."PaidAt" < @__rangeToExclusiveUtc_2) OR ("a0"."PaidAt" IS NULL AND "a0"."CreatedAt" >= @__rangeFromUtc_3 AND "a0"."CreatedAt" < @__rangeToExclusiveUtc_4))
info: Microsoft.EntityFrameworkCore.Database.Command[20101]
      Executed DbCommand (0ms) [Parameters=[], CommandType='Text', CommandTimeout='30']
      SELECT "b"."Id", "b"."BookingDate", "b"."BundleGroupId", "b"."CheckoutSessionId", "b"."CommissionAmount", "b"."CommissionPaid", "b"."CourtBundleId", "b"."CourtId", "b"."CourtName", "b"."CreatedAt", "b"."CustomerName", "b"."CustomerNameSnapshot", "b"."DiscountAmount", "b"."EndTime", "b"."FacilityName", "b"."GuestAccessToken", "b"."LoggedByStaffId", "b"."LoggedByStaffName", "b"."Notes", "b"."PaidAt", "b"."PaymentMethod", "b"."PaymentProofPath", "b"."PaymentProofSubmittedAt", "b"."PaymentReference", "b"."PaymentStatus", "b"."RefundAmount", "b"."RefundReason", "b"."RefundedAt", "b"."ReservedUntil", "b"."StartTime", "b"."Status", "b"."TotalPrice", "b"."UserId", "b"."VoucherCode", "b"."VoucherId"
      FROM "Bookings" AS "b"
      WHERE "b"."Status" = 0 AND "b"."ReservedUntil" IS NOT NULL
info: Microsoft.EntityFrameworkCore.Database.Command[20101]
      Executed DbCommand (0ms) [Parameters=[], CommandType='Text', CommandTimeout='30']
      SELECT "o"."Id", "o"."BookingDate", "o"."CommissionAmount", "o"."CourtId", "o"."CourtName", "o"."CreatedAt", "o"."CustomerName", "o"."CustomerNameSnapshot", "o"."DiscountAmount", "o"."EndHour", "o"."FacilityName", "o"."GuestAccessToken", "o"."LoggedByStaffId", "o"."LoggedByStaffName", "o"."Notes", "o"."PaidAt", "o"."PaymentMethod", "o"."PaymentProofPath", "o"."PaymentProofSubmittedAt", "o"."PaymentReference", "o"."PaymentStatus", "o"."PlayerNames", "o"."PricePerHeadSnapshot", "o"."RefundAmount", "o"."RefundReason", "o"."RefundedAt", "o"."ReservedUntil", "o"."SpotCount", "o"."StartHour", "o"."Status", "o"."TotalPrice", "o"."UserId", "o"."VoucherCode", "o"."VoucherId"
      FROM "OpenPlaySignups" AS "o"
      WHERE "o"."Status" = 0 AND "o"."ReservedUntil" IS NOT NULL
info: Microsoft.EntityFrameworkCore.Database.Command[20101]
      Executed DbCommand (0ms) [Parameters=[@__CurrentUserId_0='?' (Size = 36)], CommandType='Text', CommandTimeout='30']
      SELECT "c"."Id"
      FROM "Courts" AS "c"
      WHERE "c"."OwnerId" = @__CurrentUserId_0
info: Microsoft.EntityFrameworkCore.Database.Command[20101]
      Executed DbCommand (0ms) [Parameters=[@__courtIds_0='?' (Size = 5)], CommandType='Text', CommandTimeout='30']
      SELECT COUNT(*)
      FROM "Bookings" AS "b"
      WHERE "b"."CourtId" IN (
          SELECT "c"."value"
          FROM json_each(@__courtIds_0) AS "c"
      ) AND "b"."Status" <> 2
info: Microsoft.EntityFrameworkCore.Database.Command[20101]
      Executed DbCommand (0ms) [Parameters=[@__courtIds_0='?' (Size = 5)], CommandType='Text', CommandTimeout='30']
      SELECT COUNT(*)
      FROM "OpenPlaySignups" AS "o"
      WHERE "o"."CourtId" IN (
          SELECT "c"."value"
          FROM json_each(@__courtIds_0) AS "c"
      ) AND "o"."Status" <> 2
info: Microsoft.EntityFrameworkCore.Database.Command[20101]
      Executed DbCommand (0ms) [Parameters=[@__CurrentUserId_0='?' (Size = 36)], CommandType='Text', CommandTimeout='30']
      SELECT COUNT(*)
      FROM "AddOnRentals" AS "a"
      WHERE "a"."OwnerId" = @__CurrentUserId_0 AND "a"."Status" <> 2
info: Microsoft.EntityFrameworkCore.Database.Command[20101]
      Executed DbCommand (0ms) [Parameters=[@__courtIds_0='?' (Size = 5), @__today_1='?' (DbType = Date)], CommandType='Text', CommandTimeout='30']
      SELECT COUNT(*)
      FROM "Bookings" AS "b"
      WHERE "b"."CourtId" IN (
          SELECT "c"."value"
          FROM json_each(@__courtIds_0) AS "c"
      ) AND "b"."BookingDate" = @__today_1 AND "b"."Status" <> 2
info: Microsoft.EntityFrameworkCore.Database.Command[20101]
      Executed DbCommand (0ms) [Parameters=[@__courtIds_0='?' (Size = 5), @__today_1='?' (DbType = Date)], CommandType='Text', CommandTimeout='30']
      SELECT COUNT(*)
      FROM "OpenPlaySignups" AS "o"
      WHERE "o"."CourtId" IN (
          SELECT "c"."value"
          FROM json_each(@__courtIds_0) AS "c"
      ) AND "o"."BookingDate" = @__today_1 AND "o"."Status" <> 2
info: Microsoft.EntityFrameworkCore.Database.Command[20101]
      Executed DbCommand (0ms) [Parameters=[@__CurrentUserId_0='?' (Size = 36), @__todayDt_1='?' (DbType = DateTime), @__tomorrowDt_2='?' (DbType = DateTime)], CommandType='Text', CommandTimeout='30']
      SELECT COUNT(*)
      FROM "AddOnRentals" AS "a"
      WHERE "a"."OwnerId" = @__CurrentUserId_0 AND "a"."CreatedAt" >= @__todayDt_1 AND "a"."CreatedAt" < @__tomorrowDt_2
info: Microsoft.EntityFrameworkCore.Database.Command[20101]
      Executed DbCommand (0ms) [Parameters=[@__courtIds_0='?' (Size = 5), @__todayDt_1='?' (DbType = DateTime)], CommandType='Text', CommandTimeout='30']
      SELECT COALESCE(ef_sum(CASE
          WHEN "b"."PaymentStatus" = 3 THEN ef_add("b"."TotalPrice", ef_negate(COALESCE("b"."RefundAmount", '0.0')))
          ELSE "b"."TotalPrice"
      END), '0.0')
      FROM "Bookings" AS "b"
      WHERE "b"."CourtId" IN (
          SELECT "c"."value"
          FROM json_each(@__courtIds_0) AS "c"
      ) AND "b"."PaidAt" IS NOT NULL AND "b"."PaidAt" >= @__todayDt_1 AND "b"."PaymentStatus" <> 2
info: Microsoft.EntityFrameworkCore.Database.Command[20101]
      Executed DbCommand (0ms) [Parameters=[@__courtIds_0='?' (Size = 5), @__todayDt_1='?' (DbType = DateTime)], CommandType='Text', CommandTimeout='30']
      SELECT COALESCE(ef_sum(CASE
          WHEN "o"."PaymentStatus" = 3 THEN ef_add("o"."TotalPrice", ef_negate(COALESCE("o"."RefundAmount", '0.0')))
          ELSE "o"."TotalPrice"
      END), '0.0')
      FROM "OpenPlaySignups" AS "o"
      WHERE "o"."CourtId" IN (
          SELECT "c"."value"
          FROM json_each(@__courtIds_0) AS "c"
      ) AND "o"."PaidAt" IS NOT NULL AND "o"."PaidAt" >= @__todayDt_1 AND "o"."PaymentStatus" <> 2
info: Microsoft.EntityFrameworkCore.Database.Command[20101]
      Executed DbCommand (0ms) [Parameters=[@__CurrentUserId_0='?' (Size = 36), @__todayDt_1='?' (DbType = DateTime)], CommandType='Text', CommandTimeout='30']
      SELECT COALESCE(ef_sum("a"."TotalPrice"), '0.0')
      FROM "AddOnRentals" AS "a"
      WHERE "a"."OwnerId" = @__CurrentUserId_0 AND "a"."PaidAt" IS NOT NULL AND "a"."PaidAt" >= @__todayDt_1 AND "a"."PaymentStatus" <> 2
info: Microsoft.EntityFrameworkCore.Database.Command[20101]
      Executed DbCommand (0ms) [Parameters=[@__courtIds_0='?' (Size = 5)], CommandType='Text', CommandTimeout='30']
      SELECT COALESCE(ef_sum(CASE
          WHEN "b"."PaymentStatus" = 3 THEN ef_add("b"."TotalPrice", ef_negate(COALESCE("b"."RefundAmount", '0.0')))
          ELSE "b"."TotalPrice"
      END), '0.0')
      FROM "Bookings" AS "b"
      WHERE "b"."CourtId" IN (
          SELECT "c"."value"
          FROM json_each(@__courtIds_0) AS "c"
      ) AND "b"."Status" IN (1, 3) AND "b"."PaymentStatus" <> 2
info: Microsoft.EntityFrameworkCore.Database.Command[20101]
      Executed DbCommand (0ms) [Parameters=[@__courtIds_0='?' (Size = 5)], CommandType='Text', CommandTimeout='30']
      SELECT COALESCE(ef_sum(CASE
          WHEN "o"."PaymentStatus" = 3 THEN ef_add("o"."TotalPrice", ef_negate(COALESCE("o"."RefundAmount", '0.0')))
          ELSE "o"."TotalPrice"
      END), '0.0')
      FROM "OpenPlaySignups" AS "o"
      WHERE "o"."CourtId" IN (
          SELECT "c"."value"
          FROM json_each(@__courtIds_0) AS "c"
      ) AND "o"."Status" IN (1, 3) AND "o"."PaymentStatus" <> 2
info: Microsoft.EntityFrameworkCore.Database.Command[20101]
      Executed DbCommand (0ms) [Parameters=[@__CurrentUserId_0='?' (Size = 36)], CommandType='Text', CommandTimeout='30']
      SELECT COALESCE(ef_sum("a"."TotalPrice"), '0.0')
      FROM "AddOnRentals" AS "a"
      WHERE "a"."OwnerId" = @__CurrentUserId_0 AND "a"."Status" IN (1, 3) AND "a"."PaymentStatus" <> 2
info: Microsoft.EntityFrameworkCore.Database.Command[20101]
      Executed DbCommand (0ms) [Parameters=[@__courtIds_0='?' (Size = 5)], CommandType='Text', CommandTimeout='30']
      SELECT COUNT(*)
      FROM "Bookings" AS "b"
      WHERE "b"."CourtId" IN (
          SELECT "c"."value"
          FROM json_each(@__courtIds_0) AS "c"
      ) AND "b"."Status" = 0 AND "b"."PaymentProofSubmittedAt" IS NOT NULL
info: Microsoft.EntityFrameworkCore.Database.Command[20101]
      Executed DbCommand (0ms) [Parameters=[@__courtIds_0='?' (Size = 5)], CommandType='Text', CommandTimeout='30']
      SELECT COUNT(*)
      FROM "OpenPlaySignups" AS "o"
      WHERE "o"."CourtId" IN (
          SELECT "c"."value"
          FROM json_each(@__courtIds_0) AS "c"
      ) AND "o"."Status" = 0 AND "o"."PaymentProofSubmittedAt" IS NOT NULL
info: Microsoft.EntityFrameworkCore.Database.Command[20101]
      Executed DbCommand (0ms) [Parameters=[@__CurrentUserId_0='?' (Size = 36)], CommandType='Text', CommandTimeout='30']
      SELECT COUNT(*)
      FROM "AddOnRentals" AS "a"
      WHERE "a"."OwnerId" = @__CurrentUserId_0 AND "a"."Status" = 0 AND "a"."PaymentProofPath" IS NOT NULL
info: Microsoft.EntityFrameworkCore.Database.Command[20101]
      Executed DbCommand (0ms) [Parameters=[@__courtIds_0='?' (Size = 5)], CommandType='Text', CommandTimeout='30']
      SELECT COUNT(*)
      FROM "Bookings" AS "b"
      WHERE "b"."CourtId" IN (
          SELECT "c"."value"
          FROM json_each(@__courtIds_0) AS "c"
      ) AND "b"."Status" = 0 AND "b"."PaymentReference" IS NULL
info: Microsoft.EntityFrameworkCore.Database.Command[20101]
      Executed DbCommand (0ms) [Parameters=[@__courtIds_0='?' (Size = 5)], CommandType='Text', CommandTimeout='30']
      SELECT COUNT(*)
      FROM "OpenPlaySignups" AS "o"
      WHERE "o"."CourtId" IN (
          SELECT "c"."value"
          FROM json_each(@__courtIds_0) AS "c"
      ) AND "o"."Status" = 0 AND "o"."PaymentReference" IS NULL
info: Microsoft.EntityFrameworkCore.Database.Command[20101]
      Executed DbCommand (0ms) [Parameters=[@__CurrentUserId_0='?' (Size = 36)], CommandType='Text', CommandTimeout='30']
      SELECT COUNT(*)
      FROM "AddOnRentals" AS "a"
      WHERE "a"."OwnerId" = @__CurrentUserId_0 AND "a"."Status" = 0 AND "a"."PaymentReference" IS NULL
info: Microsoft.EntityFrameworkCore.Database.Command[20101]
      Executed DbCommand (0ms) [Parameters=[@__courtIds_0='?' (Size = 5)], CommandType='Text', CommandTimeout='30']
      SELECT COALESCE(ef_sum(ef_multiply(CAST("b"."Quantity" AS numeric(10,2)), "b"."UnitPrice")), '0.0')
      FROM "BookingAddOns" AS "b"
      INNER JOIN "Bookings" AS "b0" ON "b"."BookingId" = "b0"."Id"
      WHERE "b0"."CourtId" IN (
          SELECT "c"."value"
          FROM json_each(@__courtIds_0) AS "c"
      ) AND "b0"."Status" IN (1, 3) AND "b0"."PaymentStatus" <> 2
info: Microsoft.EntityFrameworkCore.Database.Command[20101]
      Executed DbCommand (0ms) [Parameters=[@__CurrentUserId_0='?' (Size = 36)], CommandType='Text', CommandTimeout='30']
      SELECT COALESCE(ef_sum("a"."TotalPrice"), '0.0')
      FROM "AddOnRentals" AS "a"
      WHERE "a"."OwnerId" = @__CurrentUserId_0 AND "a"."Status" IN (1, 3) AND "a"."PaymentStatus" <> 2
info: Microsoft.EntityFrameworkCore.Database.Command[20101]
      Executed DbCommand (0ms) [Parameters=[@__courtIds_0='?' (Size = 5), @__rangeFromUtc_1='?' (DbType = DateTime), @__rangeToExclusiveUtc_2='?' (DbType = DateTime), @__rangeFrom_3='?' (DbType = Date), @__rangeTo_4='?' (DbType = Date)], CommandType='Text', CommandTimeout='30']
      SELECT "b"."BookingDate", "b"."TotalPrice", "b"."Status", "b"."PaymentStatus", "b"."PaidAt", "b"."PaymentProofSubmittedAt" IS NOT NULL, "b"."PaymentReference", "b"."PaymentMethod", "b"."CourtId", "b"."LoggedByStaffId", "b"."RefundAmount"
      FROM "Bookings" AS "b"
      WHERE "b"."CourtId" IN (
          SELECT "c"."value"
          FROM json_each(@__courtIds_0) AS "c"
      ) AND (("b"."PaidAt" IS NOT NULL AND "b"."PaidAt" >= @__rangeFromUtc_1 AND "b"."PaidAt" < @__rangeToExclusiveUtc_2) OR ("b"."PaidAt" IS NULL AND "b"."BookingDate" >= @__rangeFrom_3 AND "b"."BookingDate" <= @__rangeTo_4))
info: Microsoft.EntityFrameworkCore.Database.Command[20101]
      Executed DbCommand (0ms) [Parameters=[@__courtIds_0='?' (Size = 5), @__rangeFromUtc_1='?' (DbType = DateTime), @__rangeToExclusiveUtc_2='?' (DbType = DateTime), @__rangeFrom_3='?' (DbType = Date), @__rangeTo_4='?' (DbType = Date)], CommandType='Text', CommandTimeout='30']
      SELECT "o"."BookingDate", "o"."TotalPrice", "o"."Status", "o"."PaymentStatus", "o"."PaidAt", "o"."PaymentProofSubmittedAt" IS NOT NULL, "o"."PaymentReference", "o"."PaymentMethod", "o"."CourtId", "o"."LoggedByStaffId", "o"."RefundAmount"
      FROM "OpenPlaySignups" AS "o"
      WHERE "o"."CourtId" IN (
          SELECT "c"."value"
          FROM json_each(@__courtIds_0) AS "c"
      ) AND (("o"."PaidAt" IS NOT NULL AND "o"."PaidAt" >= @__rangeFromUtc_1 AND "o"."PaidAt" < @__rangeToExclusiveUtc_2) OR ("o"."PaidAt" IS NULL AND "o"."BookingDate" >= @__rangeFrom_3 AND "o"."BookingDate" <= @__rangeTo_4))
info: Microsoft.EntityFrameworkCore.Database.Command[20101]
      Executed DbCommand (0ms) [Parameters=[@__CurrentUserId_0='?' (Size = 36), @__rangeFromUtc_1='?' (DbType = DateTime), @__rangeToExclusiveUtc_2='?' (DbType = DateTime), @__rangeFromUtc_3='?' (DbType = DateTime), @__rangeToExclusiveUtc_4='?' (DbType = DateTime)], CommandType='Text', CommandTimeout='30']
      SELECT "a"."CreatedAt", "a"."TotalPrice", "a"."Status", "a"."PaymentStatus", "a"."PaidAt", "a"."PaymentProofPath" IS NOT NULL AS "HasProof", "a"."PaymentReference", "a"."PaymentMethod", "a"."LoggedByStaffId"
      FROM "AddOnRentals" AS "a"
      WHERE "a"."OwnerId" = @__CurrentUserId_0 AND (("a"."PaidAt" IS NOT NULL AND "a"."PaidAt" >= @__rangeFromUtc_1 AND "a"."PaidAt" < @__rangeToExclusiveUtc_2) OR ("a"."PaidAt" IS NULL AND "a"."CreatedAt" >= @__rangeFromUtc_3 AND "a"."CreatedAt" < @__rangeToExclusiveUtc_4))
info: Microsoft.EntityFrameworkCore.Database.Command[20101]
      Executed DbCommand (0ms) [Parameters=[@__courtIds_0='?' (Size = 5)], CommandType='Text', CommandTimeout='30']
      SELECT "c"."Id", "c"."Name"
      FROM "Courts" AS "c"
      WHERE "c"."Id" IN (
          SELECT "c0"."value"
          FROM json_each(@__courtIds_0) AS "c0"
      )
info: Microsoft.EntityFrameworkCore.Database.Command[20101]
      Executed DbCommand (0ms) [Parameters=[@__staffIds_0='?' (Size = 79)], CommandType='Text', CommandTimeout='30']
      SELECT "a"."Id", "a"."AccessFailedCount", "a"."ConcurrencyStamp", "a"."CreatedAt", "a"."Email", "a"."EmailConfirmed", "a"."EmployerOwnerId", "a"."FirstName", "a"."IsGuest", "a"."LastName", "a"."LockoutEnabled", "a"."LockoutEnd", "a"."NormalizedEmail", "a"."NormalizedUserName", "a"."PasswordHash", "a"."PhoneNumber", "a"."PhoneNumberAlt", "a"."PhoneNumberConfirmed", "a"."PreferredFacilitySlug", "a"."PrivacyPolicyAcceptedAt", "a"."SecurityStamp", "a"."TwoFactorEnabled", "a"."UserName"
      FROM "AspNetUsers" AS "a"
      WHERE "a"."Id" IN (
          SELECT "s"."value"
          FROM json_each(@__staffIds_0) AS "s"
      )
info: Microsoft.EntityFrameworkCore.Database.Command[20101]
      Executed DbCommand (0ms) [Parameters=[@__courtIds_0='?' (Size = 5), @__rangeFromUtc_1='?' (DbType = DateTime), @__rangeToExclusiveUtc_2='?' (DbType = DateTime), @__rangeFrom_3='?' (DbType = Date), @__rangeTo_4='?' (DbType = Date)], CommandType='Text', CommandTimeout='30']
      SELECT "b"."AddOnItemId", "a"."Name", "b"."Quantity", "b"."UnitPrice", "b0"."BookingDate", "b0"."PaidAt", "b0"."Status", "b0"."PaymentStatus"
      FROM "BookingAddOns" AS "b"
      INNER JOIN "Bookings" AS "b0" ON "b"."BookingId" = "b0"."Id"
      INNER JOIN "AddOnItems" AS "a" ON "b"."AddOnItemId" = "a"."Id"
      WHERE "b0"."CourtId" IN (
          SELECT "c"."value"
          FROM json_each(@__courtIds_0) AS "c"
      ) AND (("b0"."PaidAt" IS NOT NULL AND "b0"."PaidAt" >= @__rangeFromUtc_1 AND "b0"."PaidAt" < @__rangeToExclusiveUtc_2) OR ("b0"."PaidAt" IS NULL AND "b0"."BookingDate" >= @__rangeFrom_3 AND "b0"."BookingDate" <= @__rangeTo_4))
info: Microsoft.EntityFrameworkCore.Database.Command[20101]
      Executed DbCommand (0ms) [Parameters=[@__CurrentUserId_0='?' (Size = 36), @__rangeFromUtc_1='?' (DbType = DateTime), @__rangeToExclusiveUtc_2='?' (DbType = DateTime), @__rangeFromUtc_3='?' (DbType = DateTime), @__rangeToExclusiveUtc_4='?' (DbType = DateTime)], CommandType='Text', CommandTimeout='30']
      SELECT "a"."AddOnItemId", "a1"."Name", "a"."Quantity", "a"."UnitPrice", "a0"."CreatedAt", "a0"."PaidAt", "a0"."Status", "a0"."PaymentStatus"
      FROM "AddOnRentalItems" AS "a"
      INNER JOIN "AddOnRentals" AS "a0" ON "a"."AddOnRentalId" = "a0"."Id"
      INNER JOIN "AddOnItems" AS "a1" ON "a"."AddOnItemId" = "a1"."Id"
      WHERE "a0"."OwnerId" = @__CurrentUserId_0 AND (("a0"."PaidAt" IS NOT NULL AND "a0"."PaidAt" >= @__rangeFromUtc_1 AND "a0"."PaidAt" < @__rangeToExclusiveUtc_2) OR ("a0"."PaidAt" IS NULL AND "a0"."CreatedAt" >= @__rangeFromUtc_3 AND "a0"."CreatedAt" < @__rangeToExclusiveUtc_4))
info: Microsoft.EntityFrameworkCore.Database.Command[20101]
      Executed DbCommand (0ms) [Parameters=[], CommandType='Text', CommandTimeout='30']
      SELECT "b"."Id", "b"."BookingDate", "b"."BundleGroupId", "b"."CheckoutSessionId", "b"."CommissionAmount", "b"."CommissionPaid", "b"."CourtBundleId", "b"."CourtId", "b"."CourtName", "b"."CreatedAt", "b"."CustomerName", "b"."CustomerNameSnapshot", "b"."DiscountAmount", "b"."EndTime", "b"."FacilityName", "b"."GuestAccessToken", "b"."LoggedByStaffId", "b"."LoggedByStaffName", "b"."Notes", "b"."PaidAt", "b"."PaymentMethod", "b"."PaymentProofPath", "b"."PaymentProofSubmittedAt", "b"."PaymentReference", "b"."PaymentStatus", "b"."RefundAmount", "b"."RefundReason", "b"."RefundedAt", "b"."ReservedUntil", "b"."StartTime", "b"."Status", "b"."TotalPrice", "b"."UserId", "b"."VoucherCode", "b"."VoucherId"
      FROM "Bookings" AS "b"
      WHERE "b"."Status" = 0 AND "b"."ReservedUntil" IS NOT NULL
info: Microsoft.EntityFrameworkCore.Database.Command[20101]
      Executed DbCommand (0ms) [Parameters=[], CommandType='Text', CommandTimeout='30']
      SELECT "o"."Id", "o"."BookingDate", "o"."CommissionAmount", "o"."CourtId", "o"."CourtName", "o"."CreatedAt", "o"."CustomerName", "o"."CustomerNameSnapshot", "o"."DiscountAmount", "o"."EndHour", "o"."FacilityName", "o"."GuestAccessToken", "o"."LoggedByStaffId", "o"."LoggedByStaffName", "o"."Notes", "o"."PaidAt", "o"."PaymentMethod", "o"."PaymentProofPath", "o"."PaymentProofSubmittedAt", "o"."PaymentReference", "o"."PaymentStatus", "o"."PlayerNames", "o"."PricePerHeadSnapshot", "o"."RefundAmount", "o"."RefundReason", "o"."RefundedAt", "o"."ReservedUntil", "o"."SpotCount", "o"."StartHour", "o"."Status", "o"."TotalPrice", "o"."UserId", "o"."VoucherCode", "o"."VoucherId"
      FROM "OpenPlaySignups" AS "o"
      WHERE "o"."Status" = 0 AND "o"."ReservedUntil" IS NOT NULL
info: Microsoft.EntityFrameworkCore.Database.Command[20101]
      Executed DbCommand (0ms) [Parameters=[@__normalizedEmail_0='?' (Size = 29)], CommandType='Text', CommandTimeout='30']
      SELECT "a"."Id", "a"."AccessFailedCount", "a"."ConcurrencyStamp", "a"."CreatedAt", "a"."Email", "a"."EmailConfirmed", "a"."EmployerOwnerId", "a"."FirstName", "a"."IsGuest", "a"."LastName", "a"."LockoutEnabled", "a"."LockoutEnd", "a"."NormalizedEmail", "a"."NormalizedUserName", "a"."PasswordHash", "a"."PhoneNumber", "a"."PhoneNumberAlt", "a"."PhoneNumberConfirmed", "a"."PreferredFacilitySlug", "a"."PrivacyPolicyAcceptedAt", "a"."SecurityStamp", "a"."TwoFactorEnabled", "a"."UserName"
      FROM "AspNetUsers" AS "a"
      WHERE "a"."NormalizedEmail" = @__normalizedEmail_0
      LIMIT 2
info: Microsoft.EntityFrameworkCore.Database.Command[20101]
      Executed DbCommand (0ms) [Parameters=[@__userId_0='?' (Size = 36)], CommandType='Text', CommandTimeout='30']
      SELECT "a0"."Name"
      FROM "AspNetUserRoles" AS "a"
      INNER JOIN "AspNetRoles" AS "a0" ON "a"."RoleId" = "a0"."Id"
      WHERE "a"."UserId" = @__userId_0
warn: CourtBooking.Controllers.DevController[0]
      [Impersonation] Dev started impersonating admin.qa.20260803@example.com (Id=2190c0b7-fe1f-462b-a887-5d321c47b1a7, Roles=Admin) from ::1 at 2026-09-03T08:37:12.0108446Z
info: Microsoft.EntityFrameworkCore.Database.Command[20101]
      Executed DbCommand (0ms) [Parameters=[@__user_Id_0='?' (Size = 36)], CommandType='Text', CommandTimeout='30']
      SELECT "a"."Id", "a"."ClaimType", "a"."ClaimValue", "a"."UserId"
      FROM "AspNetUserClaims" AS "a"
      WHERE "a"."UserId" = @__user_Id_0
info: Microsoft.EntityFrameworkCore.Database.Command[20101]
      Executed DbCommand (0ms) [Parameters=[@__userId_0='?' (Size = 36)], CommandType='Text', CommandTimeout='30']
      SELECT "a0"."Name"
      FROM "AspNetUserRoles" AS "a"
      INNER JOIN "AspNetRoles" AS "a0" ON "a"."RoleId" = "a0"."Id"
      WHERE "a"."UserId" = @__userId_0
info: Microsoft.EntityFrameworkCore.Database.Command[20101]
      Executed DbCommand (0ms) [Parameters=[@__normalizedName_0='?' (Size = 5)], CommandType='Text', CommandTimeout='30']
      SELECT "a"."Id", "a"."ConcurrencyStamp", "a"."Name", "a"."NormalizedName"
      FROM "AspNetRoles" AS "a"
      WHERE "a"."NormalizedName" = @__normalizedName_0
      LIMIT 1
info: Microsoft.EntityFrameworkCore.Database.Command[20101]
      Executed DbCommand (0ms) [Parameters=[@__role_Id_0='?' (Size = 36)], CommandType='Text', CommandTimeout='30']
      SELECT "a"."ClaimType", "a"."ClaimValue"
      FROM "AspNetRoleClaims" AS "a"
      WHERE "a"."RoleId" = @__role_Id_0
info: Microsoft.EntityFrameworkCore.Database.Command[20101]
      Executed DbCommand (0ms) [Parameters=[@__CurrentUserId_0='?' (Size = 36)], CommandType='Text', CommandTimeout='30']
      SELECT "c"."Id"
      FROM "Courts" AS "c"
      WHERE "c"."OwnerId" = @__CurrentUserId_0
info: Microsoft.EntityFrameworkCore.Database.Command[20101]
      Executed DbCommand (0ms) [Parameters=[@__courtIds_0='?' (Size = 3)], CommandType='Text', CommandTimeout='30']
      SELECT COUNT(*)
      FROM "Bookings" AS "b"
      WHERE "b"."CourtId" IN (
          SELECT "c"."value"
          FROM json_each(@__courtIds_0) AS "c"
      ) AND "b"."Status" <> 2
info: Microsoft.EntityFrameworkCore.Database.Command[20101]
      Executed DbCommand (0ms) [Parameters=[@__courtIds_0='?' (Size = 3), @__Today_1='?' (DbType = Date)], CommandType='Text', CommandTimeout='30']
      SELECT COUNT(*)
      FROM "Bookings" AS "b"
      WHERE "b"."CourtId" IN (
          SELECT "c"."value"
          FROM json_each(@__courtIds_0) AS "c"
      ) AND "b"."BookingDate" = @__Today_1 AND "b"."Status" <> 2
info: Microsoft.EntityFrameworkCore.Database.Command[20101]
      Executed DbCommand (0ms) [Parameters=[@__courtIds_0='?' (Size = 3), @__Today_1='?' (DbType = Date)], CommandType='Text', CommandTimeout='30']
      SELECT COUNT(*)
      FROM "OpenPlaySignups" AS "o"
      WHERE "o"."CourtId" IN (
          SELECT "c"."value"
          FROM json_each(@__courtIds_0) AS "c"
      ) AND "o"."BookingDate" = @__Today_1 AND "o"."Status" <> 2
info: Microsoft.EntityFrameworkCore.Database.Command[20101]
      Executed DbCommand (0ms) [Parameters=[@__courtIds_0='?' (Size = 3)], CommandType='Text', CommandTimeout='30']
      SELECT COALESCE(ef_sum("b"."TotalPrice"), '0.0')
      FROM "Bookings" AS "b"
      WHERE "b"."CourtId" IN (
          SELECT "c"."value"
          FROM json_each(@__courtIds_0) AS "c"
      ) AND "b"."Status" IN (1, 3)
info: Microsoft.EntityFrameworkCore.Database.Command[20101]
      Executed DbCommand (0ms) [Parameters=[@__CurrentUserId_0='?' (Size = 36)], CommandType='Text', CommandTimeout='30']
      SELECT COUNT(*)
      FROM "Courts" AS "c"
      WHERE "c"."OwnerId" = @__CurrentUserId_0 AND "c"."IsActive"
info: Microsoft.EntityFrameworkCore.Database.Command[20101]
      Executed DbCommand (0ms) [Parameters=[@__courtIds_0='?' (Size = 3)], CommandType='Text', CommandTimeout='30']
      SELECT COUNT(*)
      FROM "Bookings" AS "b"
      WHERE "b"."CourtId" IN (
          SELECT "c"."value"
          FROM json_each(@__courtIds_0) AS "c"
      ) AND "b"."Status" = 0 AND "b"."PaymentProofSubmittedAt" IS NOT NULL
info: Microsoft.EntityFrameworkCore.Database.Command[20101]
      Executed DbCommand (0ms) [Parameters=[@__courtIds_0='?' (Size = 3)], CommandType='Text', CommandTimeout='30']
      SELECT COUNT(*)
      FROM "OpenPlaySignups" AS "o"
      WHERE "o"."CourtId" IN (
          SELECT "c"."value"
          FROM json_each(@__courtIds_0) AS "c"
      ) AND "o"."Status" = 0 AND "o"."PaymentProofSubmittedAt" IS NOT NULL
info: Microsoft.EntityFrameworkCore.Database.Command[20101]
      Executed DbCommand (0ms) [Parameters=[@__CurrentUserId_0='?' (Size = 36)], CommandType='Text', CommandTimeout='30']
      SELECT COUNT(*)
      FROM "AddOnRentals" AS "a"
      WHERE "a"."OwnerId" = @__CurrentUserId_0 AND "a"."Status" = 0
info: Microsoft.EntityFrameworkCore.Database.Command[20101]
      Executed DbCommand (0ms) [Parameters=[@__CurrentUserId_0='?' (Size = 36)], CommandType='Text', CommandTimeout='30']
      SELECT "f"."Id", "f"."Address", "f"."BillingModel", "f"."BrandLogoUrl", "f"."BrandName", "f"."BrandTagline", "f"."CommissionBalanceOwed", "f"."CommissionPaymentProofPath", "f"."CommissionPaymentRef", "f"."CommissionPaymentSubmittedAt", "f"."CommissionRate", "f"."CommissionTotalPaid", "f"."DeactivatedAt", "f"."FacebookUrl", "f"."FacilityName", "f"."GCashName", "f"."GCashNumber", "f"."GCashQrCodePath", "f"."GoTymeName", "f"."GoTymeNumber", "f"."GoTymeQrCodePath", "f"."HouseRules", "f"."InstagramUrl", "f"."IsDeactivated", "f"."IsSubscribed", "f"."IsSuspended", "f"."LastExpiryReminderThreshold", "f"."MayaName", "f"."MayaNumber", "f"."MayaQrCodePath", "f"."OwnerId", "f"."PayMongoMethods", "f"."PayMongoSecretKey", "f"."PaymentInstructions", "f"."Slug", "f"."SubscriptionActivatedAt", "f"."SubscriptionExpiresAt", "f"."SubscriptionPaymentRef", "f"."SubscriptionPlan", "f"."SubscriptionProofPath", "f"."SubscriptionSubmittedAt", "f"."SuspendedAt", "f"."SuspendedReason", "f"."TrialStartedAt"
      FROM "FacilitySettings" AS "f"
      WHERE "f"."OwnerId" = @__CurrentUserId_0
      LIMIT 1
info: Microsoft.EntityFrameworkCore.Database.Command[20101]
      Executed DbCommand (4ms) [Parameters=[@__courtIds_0='?' (Size = 3), @__p_1='?' (DbType = Int32)], CommandType='Text', CommandTimeout='30']
      SELECT "b0"."Id", "b0"."BookingDate", "b0"."BundleGroupId", "b0"."CheckoutSessionId", "b0"."CommissionAmount", "b0"."CommissionPaid", "b0"."CourtBundleId", "b0"."CourtId", "b0"."CourtName", "b0"."CreatedAt", "b0"."CustomerName", "b0"."CustomerNameSnapshot", "b0"."DiscountAmount", "b0"."EndTime", "b0"."FacilityName", "b0"."GuestAccessToken", "b0"."LoggedByStaffId", "b0"."LoggedByStaffName", "b0"."Notes", "b0"."PaidAt", "b0"."PaymentMethod", "b0"."PaymentProofPath", "b0"."PaymentProofSubmittedAt", "b0"."PaymentReference", "b0"."PaymentStatus", "b0"."RefundAmount", "b0"."RefundReason", "b0"."RefundedAt", "b0"."ReservedUntil", "b0"."StartTime", "b0"."Status", "b0"."TotalPrice", "b0"."UserId", "b0"."VoucherCode", "b0"."VoucherId", "c0"."Id", "c0"."ClosingHour", "c0"."Description", "c0"."FacilityName", "c0"."ImageUrl", "c0"."IsActive", "c0"."IsIndoor", "c0"."Name", "c0"."OpeningHour", "c0"."OwnerId", "c0"."PricePerHour", "c0"."SportType", "a"."Id", "a"."AccessFailedCount", "a"."ConcurrencyStamp", "a"."CreatedAt", "a"."Email", "a"."EmailConfirmed", "a"."EmployerOwnerId", "a"."FirstName", "a"."IsGuest", "a"."LastName", "a"."LockoutEnabled", "a"."LockoutEnd", "a"."NormalizedEmail", "a"."NormalizedUserName", "a"."PasswordHash", "a"."PhoneNumber", "a"."PhoneNumberAlt", "a"."PhoneNumberConfirmed", "a"."PreferredFacilitySlug", "a"."PrivacyPolicyAcceptedAt", "a"."SecurityStamp", "a"."TwoFactorEnabled", "a"."UserName", "c1"."Id", "c1"."IsActive", "c1"."Name", "c1"."OwnerId", "s"."Id", "s"."AddOnItemId", "s"."BookingId", "s"."PricingType", "s"."Quantity", "s"."UnitPrice", "s"."Id0", "s"."IsActive", "s"."Name", "s"."OwnerId", "s"."Price", "s"."PricingType0"
      FROM (
          SELECT "b"."Id", "b"."BookingDate", "b"."BundleGroupId", "b"."CheckoutSessionId", "b"."CommissionAmount", "b"."CommissionPaid", "b"."CourtBundleId", "b"."CourtId", "b"."CourtName", "b"."CreatedAt", "b"."CustomerName", "b"."CustomerNameSnapshot", "b"."DiscountAmount", "b"."EndTime", "b"."FacilityName", "b"."GuestAccessToken", "b"."LoggedByStaffId", "b"."LoggedByStaffName", "b"."Notes", "b"."PaidAt", "b"."PaymentMethod", "b"."PaymentProofPath", "b"."PaymentProofSubmittedAt", "b"."PaymentReference", "b"."PaymentStatus", "b"."RefundAmount", "b"."RefundReason", "b"."RefundedAt", "b"."ReservedUntil", "b"."StartTime", "b"."Status", "b"."TotalPrice", "b"."UserId", "b"."VoucherCode", "b"."VoucherId"
          FROM "Bookings" AS "b"
          WHERE "b"."CourtId" IN (
              SELECT "c"."value"
              FROM json_each(@__courtIds_0) AS "c"
          )
          ORDER BY "b"."CreatedAt" DESC
          LIMIT @__p_1
      ) AS "b0"
      INNER JOIN "Courts" AS "c0" ON "b0"."CourtId" = "c0"."Id"
      INNER JOIN "AspNetUsers" AS "a" ON "b0"."UserId" = "a"."Id"
      LEFT JOIN "CourtBundles" AS "c1" ON "b0"."CourtBundleId" = "c1"."Id"
      LEFT JOIN (
          SELECT "b1"."Id", "b1"."AddOnItemId", "b1"."BookingId", "b1"."PricingType", "b1"."Quantity", "b1"."UnitPrice", "a0"."Id" AS "Id0", "a0"."IsActive", "a0"."Name", "a0"."OwnerId", "a0"."Price", "a0"."PricingType" AS "PricingType0"
          FROM "BookingAddOns" AS "b1"
          INNER JOIN "AddOnItems" AS "a0" ON "b1"."AddOnItemId" = "a0"."Id"
      ) AS "s" ON "b0"."Id" = "s"."BookingId"
      ORDER BY "b0"."CreatedAt" DESC, "b0"."Id", "c0"."Id", "a"."Id", "c1"."Id", "s"."Id"
info: Microsoft.EntityFrameworkCore.Database.Command[20101]
      Executed DbCommand (0ms) [Parameters=[@__courtIds_0='?' (Size = 3), @__p_1='?' (DbType = Int32)], CommandType='Text', CommandTimeout='30']
      SELECT "o0"."Id", "o0"."BookingDate", "o0"."CommissionAmount", "o0"."CourtId", "o0"."CourtName", "o0"."CreatedAt", "o0"."CustomerName", "o0"."CustomerNameSnapshot", "o0"."DiscountAmount", "o0"."EndHour", "o0"."FacilityName", "o0"."GuestAccessToken", "o0"."LoggedByStaffId", "o0"."LoggedByStaffName", "o0"."Notes", "o0"."PaidAt", "o0"."PaymentMethod", "o0"."PaymentProofPath", "o0"."PaymentProofSubmittedAt", "o0"."PaymentReference", "o0"."PaymentStatus", "o0"."PlayerNames", "o0"."PricePerHeadSnapshot", "o0"."RefundAmount", "o0"."RefundReason", "o0"."RefundedAt", "o0"."ReservedUntil", "o0"."SpotCount", "o0"."StartHour", "o0"."Status", "o0"."TotalPrice", "o0"."UserId", "o0"."VoucherCode", "o0"."VoucherId", "c0"."Id", "c0"."ClosingHour", "c0"."Description", "c0"."FacilityName", "c0"."ImageUrl", "c0"."IsActive", "c0"."IsIndoor", "c0"."Name", "c0"."OpeningHour", "c0"."OwnerId", "c0"."PricePerHour", "c0"."SportType", "a"."Id", "a"."AccessFailedCount", "a"."ConcurrencyStamp", "a"."CreatedAt", "a"."Email", "a"."EmailConfirmed", "a"."EmployerOwnerId", "a"."FirstName", "a"."IsGuest", "a"."LastName", "a"."LockoutEnabled", "a"."LockoutEnd", "a"."NormalizedEmail", "a"."NormalizedUserName", "a"."PasswordHash", "a"."PhoneNumber", "a"."PhoneNumberAlt", "a"."PhoneNumberConfirmed", "a"."PreferredFacilitySlug", "a"."PrivacyPolicyAcceptedAt", "a"."SecurityStamp", "a"."TwoFactorEnabled", "a"."UserName"
      FROM (
          SELECT "o"."Id", "o"."BookingDate", "o"."CommissionAmount", "o"."CourtId", "o"."CourtName", "o"."CreatedAt", "o"."CustomerName", "o"."CustomerNameSnapshot", "o"."DiscountAmount", "o"."EndHour", "o"."FacilityName", "o"."GuestAccessToken", "o"."LoggedByStaffId", "o"."LoggedByStaffName", "o"."Notes", "o"."PaidAt", "o"."PaymentMethod", "o"."PaymentProofPath", "o"."PaymentProofSubmittedAt", "o"."PaymentReference", "o"."PaymentStatus", "o"."PlayerNames", "o"."PricePerHeadSnapshot", "o"."RefundAmount", "o"."RefundReason", "o"."RefundedAt", "o"."ReservedUntil", "o"."SpotCount", "o"."StartHour", "o"."Status", "o"."TotalPrice", "o"."UserId", "o"."VoucherCode", "o"."VoucherId"
          FROM "OpenPlaySignups" AS "o"
          WHERE "o"."CourtId" IN (
              SELECT "c"."value"
              FROM json_each(@__courtIds_0) AS "c"
          )
          ORDER BY "o"."CreatedAt" DESC
          LIMIT @__p_1
      ) AS "o0"
      INNER JOIN "Courts" AS "c0" ON "o0"."CourtId" = "c0"."Id"
      INNER JOIN "AspNetUsers" AS "a" ON "o0"."UserId" = "a"."Id"
      ORDER BY "o0"."CreatedAt" DESC
info: Microsoft.EntityFrameworkCore.Database.Command[20101]
      Executed DbCommand (0ms) [Parameters=[@__staffIds_0='?' (Size = 79)], CommandType='Text', CommandTimeout='30']
      SELECT "a"."Id", "a"."AccessFailedCount", "a"."ConcurrencyStamp", "a"."CreatedAt", "a"."Email", "a"."EmailConfirmed", "a"."EmployerOwnerId", "a"."FirstName", "a"."IsGuest", "a"."LastName", "a"."LockoutEnabled", "a"."LockoutEnd", "a"."NormalizedEmail", "a"."NormalizedUserName", "a"."PasswordHash", "a"."PhoneNumber", "a"."PhoneNumberAlt", "a"."PhoneNumberConfirmed", "a"."PreferredFacilitySlug", "a"."PrivacyPolicyAcceptedAt", "a"."SecurityStamp", "a"."TwoFactorEnabled", "a"."UserName"
      FROM "AspNetUsers" AS "a"
      WHERE "a"."Id" IN (
          SELECT "s"."value"
          FROM json_each(@__staffIds_0) AS "s"
      )
info: Microsoft.EntityFrameworkCore.Database.Command[20101]
      Executed DbCommand (0ms) [Parameters=[@___uid_0='?' (Size = 36)], CommandType='Text', CommandTimeout='30']
      SELECT "f"."Id", "f"."Address", "f"."BillingModel", "f"."BrandLogoUrl", "f"."BrandName", "f"."BrandTagline", "f"."CommissionBalanceOwed", "f"."CommissionPaymentProofPath", "f"."CommissionPaymentRef", "f"."CommissionPaymentSubmittedAt", "f"."CommissionRate", "f"."CommissionTotalPaid", "f"."DeactivatedAt", "f"."FacebookUrl", "f"."FacilityName", "f"."GCashName", "f"."GCashNumber", "f"."GCashQrCodePath", "f"."GoTymeName", "f"."GoTymeNumber", "f"."GoTymeQrCodePath", "f"."HouseRules", "f"."InstagramUrl", "f"."IsDeactivated", "f"."IsSubscribed", "f"."IsSuspended", "f"."LastExpiryReminderThreshold", "f"."MayaName", "f"."MayaNumber", "f"."MayaQrCodePath", "f"."OwnerId", "f"."PayMongoMethods", "f"."PayMongoSecretKey", "f"."PaymentInstructions", "f"."Slug", "f"."SubscriptionActivatedAt", "f"."SubscriptionExpiresAt", "f"."SubscriptionPaymentRef", "f"."SubscriptionPlan", "f"."SubscriptionProofPath", "f"."SubscriptionSubmittedAt", "f"."SuspendedAt", "f"."SuspendedReason", "f"."TrialStartedAt"
      FROM "FacilitySettings" AS "f"
      WHERE "f"."OwnerId" = @___uid_0
      LIMIT 1
warn: Microsoft.EntityFrameworkCore.Query[10103]
      The query uses the 'First'/'FirstOrDefault' operator without 'OrderBy' and filter operators. This may lead to unpredictable results.
info: Microsoft.EntityFrameworkCore.Database.Command[20101]
      Executed DbCommand (1ms) [Parameters=[], CommandType='Text', CommandTimeout='30']
      SELECT "p"."LogoData", "p"."LogoContentType"
      FROM "PlatformConfig" AS "p"
      LIMIT 1
info: Microsoft.EntityFrameworkCore.Database.Command[20101]
      Executed DbCommand (0ms) [Parameters=[@__CurrentUserId_0='?' (Size = 36)], CommandType='Text', CommandTimeout='30']
      SELECT "c"."Id"
      FROM "Courts" AS "c"
      WHERE "c"."OwnerId" = @__CurrentUserId_0
info: Microsoft.EntityFrameworkCore.Database.Command[20101]
      Executed DbCommand (0ms) [Parameters=[@__courtIds_0='?' (Size = 3)], CommandType='Text', CommandTimeout='30']
      SELECT COUNT(*)
      FROM "Bookings" AS "b"
      WHERE "b"."CourtId" IN (
          SELECT "c"."value"
          FROM json_each(@__courtIds_0) AS "c"
      ) AND "b"."Status" <> 2
info: Microsoft.EntityFrameworkCore.Database.Command[20101]
      Executed DbCommand (0ms) [Parameters=[@__courtIds_0='?' (Size = 3)], CommandType='Text', CommandTimeout='30']
      SELECT COUNT(*)
      FROM "OpenPlaySignups" AS "o"
      WHERE "o"."CourtId" IN (
          SELECT "c"."value"
          FROM json_each(@__courtIds_0) AS "c"
      ) AND "o"."Status" <> 2
info: Microsoft.EntityFrameworkCore.Database.Command[20101]
      Executed DbCommand (0ms) [Parameters=[@__CurrentUserId_0='?' (Size = 36)], CommandType='Text', CommandTimeout='30']
      SELECT COUNT(*)
      FROM "AddOnRentals" AS "a"
      WHERE "a"."OwnerId" = @__CurrentUserId_0 AND "a"."Status" <> 2
info: Microsoft.EntityFrameworkCore.Database.Command[20101]
      Executed DbCommand (0ms) [Parameters=[@__courtIds_0='?' (Size = 3), @__today_1='?' (DbType = Date)], CommandType='Text', CommandTimeout='30']
      SELECT COUNT(*)
      FROM "Bookings" AS "b"
      WHERE "b"."CourtId" IN (
          SELECT "c"."value"
          FROM json_each(@__courtIds_0) AS "c"
      ) AND "b"."BookingDate" = @__today_1 AND "b"."Status" <> 2
info: Microsoft.EntityFrameworkCore.Database.Command[20101]
      Executed DbCommand (0ms) [Parameters=[@__courtIds_0='?' (Size = 3), @__today_1='?' (DbType = Date)], CommandType='Text', CommandTimeout='30']
      SELECT COUNT(*)
      FROM "OpenPlaySignups" AS "o"
      WHERE "o"."CourtId" IN (
          SELECT "c"."value"
          FROM json_each(@__courtIds_0) AS "c"
      ) AND "o"."BookingDate" = @__today_1 AND "o"."Status" <> 2
info: Microsoft.EntityFrameworkCore.Database.Command[20101]
      Executed DbCommand (0ms) [Parameters=[@__CurrentUserId_0='?' (Size = 36), @__todayDt_1='?' (DbType = DateTime), @__tomorrowDt_2='?' (DbType = DateTime)], CommandType='Text', CommandTimeout='30']
      SELECT COUNT(*)
      FROM "AddOnRentals" AS "a"
      WHERE "a"."OwnerId" = @__CurrentUserId_0 AND "a"."CreatedAt" >= @__todayDt_1 AND "a"."CreatedAt" < @__tomorrowDt_2
info: Microsoft.EntityFrameworkCore.Database.Command[20101]
      Executed DbCommand (0ms) [Parameters=[@__courtIds_0='?' (Size = 3), @__todayDt_1='?' (DbType = DateTime)], CommandType='Text', CommandTimeout='30']
      SELECT COALESCE(ef_sum(CASE
          WHEN "b"."PaymentStatus" = 3 THEN ef_add("b"."TotalPrice", ef_negate(COALESCE("b"."RefundAmount", '0.0')))
          ELSE "b"."TotalPrice"
      END), '0.0')
      FROM "Bookings" AS "b"
      WHERE "b"."CourtId" IN (
          SELECT "c"."value"
          FROM json_each(@__courtIds_0) AS "c"
      ) AND "b"."PaidAt" IS NOT NULL AND "b"."PaidAt" >= @__todayDt_1 AND "b"."PaymentStatus" <> 2
info: Microsoft.EntityFrameworkCore.Database.Command[20101]
      Executed DbCommand (0ms) [Parameters=[@__courtIds_0='?' (Size = 3), @__todayDt_1='?' (DbType = DateTime)], CommandType='Text', CommandTimeout='30']
      SELECT COALESCE(ef_sum(CASE
          WHEN "o"."PaymentStatus" = 3 THEN ef_add("o"."TotalPrice", ef_negate(COALESCE("o"."RefundAmount", '0.0')))
          ELSE "o"."TotalPrice"
      END), '0.0')
      FROM "OpenPlaySignups" AS "o"
      WHERE "o"."CourtId" IN (
          SELECT "c"."value"
          FROM json_each(@__courtIds_0) AS "c"
      ) AND "o"."PaidAt" IS NOT NULL AND "o"."PaidAt" >= @__todayDt_1 AND "o"."PaymentStatus" <> 2
info: Microsoft.EntityFrameworkCore.Database.Command[20101]
      Executed DbCommand (0ms) [Parameters=[@__CurrentUserId_0='?' (Size = 36), @__todayDt_1='?' (DbType = DateTime)], CommandType='Text', CommandTimeout='30']
      SELECT COALESCE(ef_sum("a"."TotalPrice"), '0.0')
      FROM "AddOnRentals" AS "a"
      WHERE "a"."OwnerId" = @__CurrentUserId_0 AND "a"."PaidAt" IS NOT NULL AND "a"."PaidAt" >= @__todayDt_1 AND "a"."PaymentStatus" <> 2
info: Microsoft.EntityFrameworkCore.Database.Command[20101]
      Executed DbCommand (0ms) [Parameters=[@__courtIds_0='?' (Size = 3)], CommandType='Text', CommandTimeout='30']
      SELECT COALESCE(ef_sum(CASE
          WHEN "b"."PaymentStatus" = 3 THEN ef_add("b"."TotalPrice", ef_negate(COALESCE("b"."RefundAmount", '0.0')))
          ELSE "b"."TotalPrice"
      END), '0.0')
      FROM "Bookings" AS "b"
      WHERE "b"."CourtId" IN (
          SELECT "c"."value"
          FROM json_each(@__courtIds_0) AS "c"
      ) AND "b"."Status" IN (1, 3) AND "b"."PaymentStatus" <> 2
info: Microsoft.EntityFrameworkCore.Database.Command[20101]
      Executed DbCommand (0ms) [Parameters=[@__courtIds_0='?' (Size = 3)], CommandType='Text', CommandTimeout='30']
      SELECT COALESCE(ef_sum(CASE
          WHEN "o"."PaymentStatus" = 3 THEN ef_add("o"."TotalPrice", ef_negate(COALESCE("o"."RefundAmount", '0.0')))
          ELSE "o"."TotalPrice"
      END), '0.0')
      FROM "OpenPlaySignups" AS "o"
      WHERE "o"."CourtId" IN (
          SELECT "c"."value"
          FROM json_each(@__courtIds_0) AS "c"
      ) AND "o"."Status" IN (1, 3) AND "o"."PaymentStatus" <> 2
info: Microsoft.EntityFrameworkCore.Database.Command[20101]
      Executed DbCommand (0ms) [Parameters=[@__CurrentUserId_0='?' (Size = 36)], CommandType='Text', CommandTimeout='30']
      SELECT COALESCE(ef_sum("a"."TotalPrice"), '0.0')
      FROM "AddOnRentals" AS "a"
      WHERE "a"."OwnerId" = @__CurrentUserId_0 AND "a"."Status" IN (1, 3) AND "a"."PaymentStatus" <> 2
info: Microsoft.EntityFrameworkCore.Database.Command[20101]
      Executed DbCommand (0ms) [Parameters=[@__courtIds_0='?' (Size = 3)], CommandType='Text', CommandTimeout='30']
      SELECT COUNT(*)
      FROM "Bookings" AS "b"
      WHERE "b"."CourtId" IN (
          SELECT "c"."value"
          FROM json_each(@__courtIds_0) AS "c"
      ) AND "b"."Status" = 0 AND "b"."PaymentProofSubmittedAt" IS NOT NULL
info: Microsoft.EntityFrameworkCore.Database.Command[20101]
      Executed DbCommand (0ms) [Parameters=[@__courtIds_0='?' (Size = 3)], CommandType='Text', CommandTimeout='30']
      SELECT COUNT(*)
      FROM "OpenPlaySignups" AS "o"
      WHERE "o"."CourtId" IN (
          SELECT "c"."value"
          FROM json_each(@__courtIds_0) AS "c"
      ) AND "o"."Status" = 0 AND "o"."PaymentProofSubmittedAt" IS NOT NULL
info: Microsoft.EntityFrameworkCore.Database.Command[20101]
      Executed DbCommand (0ms) [Parameters=[@__CurrentUserId_0='?' (Size = 36)], CommandType='Text', CommandTimeout='30']
      SELECT COUNT(*)
      FROM "AddOnRentals" AS "a"
      WHERE "a"."OwnerId" = @__CurrentUserId_0 AND "a"."Status" = 0 AND "a"."PaymentProofPath" IS NOT NULL
info: Microsoft.EntityFrameworkCore.Database.Command[20101]
      Executed DbCommand (0ms) [Parameters=[@__courtIds_0='?' (Size = 3)], CommandType='Text', CommandTimeout='30']
      SELECT COUNT(*)
      FROM "Bookings" AS "b"
      WHERE "b"."CourtId" IN (
          SELECT "c"."value"
          FROM json_each(@__courtIds_0) AS "c"
      ) AND "b"."Status" = 0 AND "b"."PaymentReference" IS NULL
info: Microsoft.EntityFrameworkCore.Database.Command[20101]
      Executed DbCommand (0ms) [Parameters=[@__courtIds_0='?' (Size = 3)], CommandType='Text', CommandTimeout='30']
      SELECT COUNT(*)
      FROM "OpenPlaySignups" AS "o"
      WHERE "o"."CourtId" IN (
          SELECT "c"."value"
          FROM json_each(@__courtIds_0) AS "c"
      ) AND "o"."Status" = 0 AND "o"."PaymentReference" IS NULL
info: Microsoft.EntityFrameworkCore.Database.Command[20101]
      Executed DbCommand (0ms) [Parameters=[@__CurrentUserId_0='?' (Size = 36)], CommandType='Text', CommandTimeout='30']
      SELECT COUNT(*)
      FROM "AddOnRentals" AS "a"
      WHERE "a"."OwnerId" = @__CurrentUserId_0 AND "a"."Status" = 0 AND "a"."PaymentReference" IS NULL
info: Microsoft.EntityFrameworkCore.Database.Command[20101]
      Executed DbCommand (0ms) [Parameters=[@__courtIds_0='?' (Size = 3)], CommandType='Text', CommandTimeout='30']
      SELECT COALESCE(ef_sum(ef_multiply(CAST("b"."Quantity" AS numeric(10,2)), "b"."UnitPrice")), '0.0')
      FROM "BookingAddOns" AS "b"
      INNER JOIN "Bookings" AS "b0" ON "b"."BookingId" = "b0"."Id"
      WHERE "b0"."CourtId" IN (
          SELECT "c"."value"
          FROM json_each(@__courtIds_0) AS "c"
      ) AND "b0"."Status" IN (1, 3) AND "b0"."PaymentStatus" <> 2
info: Microsoft.EntityFrameworkCore.Database.Command[20101]
      Executed DbCommand (0ms) [Parameters=[@__CurrentUserId_0='?' (Size = 36)], CommandType='Text', CommandTimeout='30']
      SELECT COALESCE(ef_sum("a"."TotalPrice"), '0.0')
      FROM "AddOnRentals" AS "a"
      WHERE "a"."OwnerId" = @__CurrentUserId_0 AND "a"."Status" IN (1, 3) AND "a"."PaymentStatus" <> 2
info: Microsoft.EntityFrameworkCore.Database.Command[20101]
      Executed DbCommand (0ms) [Parameters=[@__courtIds_0='?' (Size = 3), @__rangeFromUtc_1='?' (DbType = DateTime), @__rangeToExclusiveUtc_2='?' (DbType = DateTime), @__rangeFrom_3='?' (DbType = Date), @__rangeTo_4='?' (DbType = Date)], CommandType='Text', CommandTimeout='30']
      SELECT "b"."BookingDate", "b"."TotalPrice", "b"."Status", "b"."PaymentStatus", "b"."PaidAt", "b"."PaymentProofSubmittedAt" IS NOT NULL, "b"."PaymentReference", "b"."PaymentMethod", "b"."CourtId", "b"."LoggedByStaffId", "b"."RefundAmount"
      FROM "Bookings" AS "b"
      WHERE "b"."CourtId" IN (
          SELECT "c"."value"
          FROM json_each(@__courtIds_0) AS "c"
      ) AND (("b"."PaidAt" IS NOT NULL AND "b"."PaidAt" >= @__rangeFromUtc_1 AND "b"."PaidAt" < @__rangeToExclusiveUtc_2) OR ("b"."PaidAt" IS NULL AND "b"."BookingDate" >= @__rangeFrom_3 AND "b"."BookingDate" <= @__rangeTo_4))
info: Microsoft.EntityFrameworkCore.Database.Command[20101]
      Executed DbCommand (0ms) [Parameters=[@__courtIds_0='?' (Size = 3), @__rangeFromUtc_1='?' (DbType = DateTime), @__rangeToExclusiveUtc_2='?' (DbType = DateTime), @__rangeFrom_3='?' (DbType = Date), @__rangeTo_4='?' (DbType = Date)], CommandType='Text', CommandTimeout='30']
      SELECT "o"."BookingDate", "o"."TotalPrice", "o"."Status", "o"."PaymentStatus", "o"."PaidAt", "o"."PaymentProofSubmittedAt" IS NOT NULL, "o"."PaymentReference", "o"."PaymentMethod", "o"."CourtId", "o"."LoggedByStaffId", "o"."RefundAmount"
      FROM "OpenPlaySignups" AS "o"
      WHERE "o"."CourtId" IN (
          SELECT "c"."value"
          FROM json_each(@__courtIds_0) AS "c"
      ) AND (("o"."PaidAt" IS NOT NULL AND "o"."PaidAt" >= @__rangeFromUtc_1 AND "o"."PaidAt" < @__rangeToExclusiveUtc_2) OR ("o"."PaidAt" IS NULL AND "o"."BookingDate" >= @__rangeFrom_3 AND "o"."BookingDate" <= @__rangeTo_4))
info: Microsoft.EntityFrameworkCore.Database.Command[20101]
      Executed DbCommand (0ms) [Parameters=[@__CurrentUserId_0='?' (Size = 36), @__rangeFromUtc_1='?' (DbType = DateTime), @__rangeToExclusiveUtc_2='?' (DbType = DateTime), @__rangeFromUtc_3='?' (DbType = DateTime), @__rangeToExclusiveUtc_4='?' (DbType = DateTime)], CommandType='Text', CommandTimeout='30']
      SELECT "a"."CreatedAt", "a"."TotalPrice", "a"."Status", "a"."PaymentStatus", "a"."PaidAt", "a"."PaymentProofPath" IS NOT NULL AS "HasProof", "a"."PaymentReference", "a"."PaymentMethod", "a"."LoggedByStaffId"
      FROM "AddOnRentals" AS "a"
      WHERE "a"."OwnerId" = @__CurrentUserId_0 AND (("a"."PaidAt" IS NOT NULL AND "a"."PaidAt" >= @__rangeFromUtc_1 AND "a"."PaidAt" < @__rangeToExclusiveUtc_2) OR ("a"."PaidAt" IS NULL AND "a"."CreatedAt" >= @__rangeFromUtc_3 AND "a"."CreatedAt" < @__rangeToExclusiveUtc_4))
info: Microsoft.EntityFrameworkCore.Database.Command[20101]
      Executed DbCommand (0ms) [Parameters=[@__courtIds_0='?' (Size = 3)], CommandType='Text', CommandTimeout='30']
      SELECT "c"."Id", "c"."Name"
      FROM "Courts" AS "c"
      WHERE "c"."Id" IN (
          SELECT "c0"."value"
          FROM json_each(@__courtIds_0) AS "c0"
      )
info: Microsoft.EntityFrameworkCore.Database.Command[20101]
      Executed DbCommand (0ms) [Parameters=[@__staffIds_0='?' (Size = 79)], CommandType='Text', CommandTimeout='30']
      SELECT "a"."Id", "a"."AccessFailedCount", "a"."ConcurrencyStamp", "a"."CreatedAt", "a"."Email", "a"."EmailConfirmed", "a"."EmployerOwnerId", "a"."FirstName", "a"."IsGuest", "a"."LastName", "a"."LockoutEnabled", "a"."LockoutEnd", "a"."NormalizedEmail", "a"."NormalizedUserName", "a"."PasswordHash", "a"."PhoneNumber", "a"."PhoneNumberAlt", "a"."PhoneNumberConfirmed", "a"."PreferredFacilitySlug", "a"."PrivacyPolicyAcceptedAt", "a"."SecurityStamp", "a"."TwoFactorEnabled", "a"."UserName"
      FROM "AspNetUsers" AS "a"
      WHERE "a"."Id" IN (
          SELECT "s"."value"
          FROM json_each(@__staffIds_0) AS "s"
      )
info: Microsoft.EntityFrameworkCore.Database.Command[20101]
      Executed DbCommand (0ms) [Parameters=[@__courtIds_0='?' (Size = 3), @__rangeFromUtc_1='?' (DbType = DateTime), @__rangeToExclusiveUtc_2='?' (DbType = DateTime), @__rangeFrom_3='?' (DbType = Date), @__rangeTo_4='?' (DbType = Date)], CommandType='Text', CommandTimeout='30']
      SELECT "b"."AddOnItemId", "a"."Name", "b"."Quantity", "b"."UnitPrice", "b0"."BookingDate", "b0"."PaidAt", "b0"."Status", "b0"."PaymentStatus"
      FROM "BookingAddOns" AS "b"
      INNER JOIN "Bookings" AS "b0" ON "b"."BookingId" = "b0"."Id"
      INNER JOIN "AddOnItems" AS "a" ON "b"."AddOnItemId" = "a"."Id"
      WHERE "b0"."CourtId" IN (
          SELECT "c"."value"
          FROM json_each(@__courtIds_0) AS "c"
      ) AND (("b0"."PaidAt" IS NOT NULL AND "b0"."PaidAt" >= @__rangeFromUtc_1 AND "b0"."PaidAt" < @__rangeToExclusiveUtc_2) OR ("b0"."PaidAt" IS NULL AND "b0"."BookingDate" >= @__rangeFrom_3 AND "b0"."BookingDate" <= @__rangeTo_4))
info: Microsoft.EntityFrameworkCore.Database.Command[20101]
      Executed DbCommand (0ms) [Parameters=[@__CurrentUserId_0='?' (Size = 36), @__rangeFromUtc_1='?' (DbType = DateTime), @__rangeToExclusiveUtc_2='?' (DbType = DateTime), @__rangeFromUtc_3='?' (DbType = DateTime), @__rangeToExclusiveUtc_4='?' (DbType = DateTime)], CommandType='Text', CommandTimeout='30']
      SELECT "a"."AddOnItemId", "a1"."Name", "a"."Quantity", "a"."UnitPrice", "a0"."CreatedAt", "a0"."PaidAt", "a0"."Status", "a0"."PaymentStatus"
      FROM "AddOnRentalItems" AS "a"
      INNER JOIN "AddOnRentals" AS "a0" ON "a"."AddOnRentalId" = "a0"."Id"
      INNER JOIN "AddOnItems" AS "a1" ON "a"."AddOnItemId" = "a1"."Id"
      WHERE "a0"."OwnerId" = @__CurrentUserId_0 AND (("a0"."PaidAt" IS NOT NULL AND "a0"."PaidAt" >= @__rangeFromUtc_1 AND "a0"."PaidAt" < @__rangeToExclusiveUtc_2) OR ("a0"."PaidAt" IS NULL AND "a0"."CreatedAt" >= @__rangeFromUtc_3 AND "a0"."CreatedAt" < @__rangeToExclusiveUtc_4))
info: Microsoft.EntityFrameworkCore.Database.Command[20101]
      Executed DbCommand (0ms) [Parameters=[@__CurrentUserId_0='?' (Size = 36)], CommandType='Text', CommandTimeout='30']
      SELECT "c"."Id"
      FROM "Courts" AS "c"
      WHERE "c"."OwnerId" = @__CurrentUserId_0
info: Microsoft.EntityFrameworkCore.Database.Command[20101]
      Executed DbCommand (0ms) [Parameters=[@__courtIds_0='?' (Size = 5)], CommandType='Text', CommandTimeout='30']
      SELECT COUNT(*)
      FROM "Bookings" AS "b"
      WHERE "b"."CourtId" IN (
          SELECT "c"."value"
          FROM json_each(@__courtIds_0) AS "c"
      ) AND "b"."Status" <> 2
info: Microsoft.EntityFrameworkCore.Database.Command[20101]
      Executed DbCommand (0ms) [Parameters=[@__courtIds_0='?' (Size = 5)], CommandType='Text', CommandTimeout='30']
      SELECT COUNT(*)
      FROM "OpenPlaySignups" AS "o"
      WHERE "o"."CourtId" IN (
          SELECT "c"."value"
          FROM json_each(@__courtIds_0) AS "c"
      ) AND "o"."Status" <> 2
info: Microsoft.EntityFrameworkCore.Database.Command[20101]
      Executed DbCommand (0ms) [Parameters=[@__CurrentUserId_0='?' (Size = 36)], CommandType='Text', CommandTimeout='30']
      SELECT COUNT(*)
      FROM "AddOnRentals" AS "a"
      WHERE "a"."OwnerId" = @__CurrentUserId_0 AND "a"."Status" <> 2
info: Microsoft.EntityFrameworkCore.Database.Command[20101]
      Executed DbCommand (0ms) [Parameters=[@__courtIds_0='?' (Size = 5), @__today_1='?' (DbType = Date)], CommandType='Text', CommandTimeout='30']
      SELECT COUNT(*)
      FROM "Bookings" AS "b"
      WHERE "b"."CourtId" IN (
          SELECT "c"."value"
          FROM json_each(@__courtIds_0) AS "c"
      ) AND "b"."BookingDate" = @__today_1 AND "b"."Status" <> 2
info: Microsoft.EntityFrameworkCore.Database.Command[20101]
      Executed DbCommand (0ms) [Parameters=[@__courtIds_0='?' (Size = 5), @__today_1='?' (DbType = Date)], CommandType='Text', CommandTimeout='30']
      SELECT COUNT(*)
      FROM "OpenPlaySignups" AS "o"
      WHERE "o"."CourtId" IN (
          SELECT "c"."value"
          FROM json_each(@__courtIds_0) AS "c"
      ) AND "o"."BookingDate" = @__today_1 AND "o"."Status" <> 2
info: Microsoft.EntityFrameworkCore.Database.Command[20101]
      Executed DbCommand (0ms) [Parameters=[@__CurrentUserId_0='?' (Size = 36), @__todayDt_1='?' (DbType = DateTime), @__tomorrowDt_2='?' (DbType = DateTime)], CommandType='Text', CommandTimeout='30']
      SELECT COUNT(*)
      FROM "AddOnRentals" AS "a"
      WHERE "a"."OwnerId" = @__CurrentUserId_0 AND "a"."CreatedAt" >= @__todayDt_1 AND "a"."CreatedAt" < @__tomorrowDt_2
info: Microsoft.EntityFrameworkCore.Database.Command[20101]
      Executed DbCommand (0ms) [Parameters=[@__courtIds_0='?' (Size = 5), @__todayDt_1='?' (DbType = DateTime)], CommandType='Text', CommandTimeout='30']
      SELECT COALESCE(ef_sum(CASE
          WHEN "b"."PaymentStatus" = 3 THEN ef_add("b"."TotalPrice", ef_negate(COALESCE("b"."RefundAmount", '0.0')))
          ELSE "b"."TotalPrice"
      END), '0.0')
      FROM "Bookings" AS "b"
      WHERE "b"."CourtId" IN (
          SELECT "c"."value"
          FROM json_each(@__courtIds_0) AS "c"
      ) AND "b"."PaidAt" IS NOT NULL AND "b"."PaidAt" >= @__todayDt_1 AND "b"."PaymentStatus" <> 2
info: Microsoft.EntityFrameworkCore.Database.Command[20101]
      Executed DbCommand (0ms) [Parameters=[@__courtIds_0='?' (Size = 5), @__todayDt_1='?' (DbType = DateTime)], CommandType='Text', CommandTimeout='30']
      SELECT COALESCE(ef_sum(CASE
          WHEN "o"."PaymentStatus" = 3 THEN ef_add("o"."TotalPrice", ef_negate(COALESCE("o"."RefundAmount", '0.0')))
          ELSE "o"."TotalPrice"
      END), '0.0')
      FROM "OpenPlaySignups" AS "o"
      WHERE "o"."CourtId" IN (
          SELECT "c"."value"
          FROM json_each(@__courtIds_0) AS "c"
      ) AND "o"."PaidAt" IS NOT NULL AND "o"."PaidAt" >= @__todayDt_1 AND "o"."PaymentStatus" <> 2
info: Microsoft.EntityFrameworkCore.Database.Command[20101]
      Executed DbCommand (0ms) [Parameters=[@__CurrentUserId_0='?' (Size = 36), @__todayDt_1='?' (DbType = DateTime)], CommandType='Text', CommandTimeout='30']
      SELECT COALESCE(ef_sum("a"."TotalPrice"), '0.0')
      FROM "AddOnRentals" AS "a"
      WHERE "a"."OwnerId" = @__CurrentUserId_0 AND "a"."PaidAt" IS NOT NULL AND "a"."PaidAt" >= @__todayDt_1 AND "a"."PaymentStatus" <> 2
info: Microsoft.EntityFrameworkCore.Database.Command[20101]
      Executed DbCommand (0ms) [Parameters=[@__courtIds_0='?' (Size = 5)], CommandType='Text', CommandTimeout='30']
      SELECT COALESCE(ef_sum(CASE
          WHEN "b"."PaymentStatus" = 3 THEN ef_add("b"."TotalPrice", ef_negate(COALESCE("b"."RefundAmount", '0.0')))
          ELSE "b"."TotalPrice"
      END), '0.0')
      FROM "Bookings" AS "b"
      WHERE "b"."CourtId" IN (
          SELECT "c"."value"
          FROM json_each(@__courtIds_0) AS "c"
      ) AND "b"."Status" IN (1, 3) AND "b"."PaymentStatus" <> 2
info: Microsoft.EntityFrameworkCore.Database.Command[20101]
      Executed DbCommand (0ms) [Parameters=[@__courtIds_0='?' (Size = 5)], CommandType='Text', CommandTimeout='30']
      SELECT COALESCE(ef_sum(CASE
          WHEN "o"."PaymentStatus" = 3 THEN ef_add("o"."TotalPrice", ef_negate(COALESCE("o"."RefundAmount", '0.0')))
          ELSE "o"."TotalPrice"
      END), '0.0')
      FROM "OpenPlaySignups" AS "o"
      WHERE "o"."CourtId" IN (
          SELECT "c"."value"
          FROM json_each(@__courtIds_0) AS "c"
      ) AND "o"."Status" IN (1, 3) AND "o"."PaymentStatus" <> 2
info: Microsoft.EntityFrameworkCore.Database.Command[20101]
      Executed DbCommand (0ms) [Parameters=[@__CurrentUserId_0='?' (Size = 36)], CommandType='Text', CommandTimeout='30']
      SELECT COALESCE(ef_sum("a"."TotalPrice"), '0.0')
      FROM "AddOnRentals" AS "a"
      WHERE "a"."OwnerId" = @__CurrentUserId_0 AND "a"."Status" IN (1, 3) AND "a"."PaymentStatus" <> 2
info: Microsoft.EntityFrameworkCore.Database.Command[20101]
      Executed DbCommand (0ms) [Parameters=[@__courtIds_0='?' (Size = 5)], CommandType='Text', CommandTimeout='30']
      SELECT COUNT(*)
      FROM "Bookings" AS "b"
      WHERE "b"."CourtId" IN (
          SELECT "c"."value"
          FROM json_each(@__courtIds_0) AS "c"
      ) AND "b"."Status" = 0 AND "b"."PaymentProofSubmittedAt" IS NOT NULL
info: Microsoft.EntityFrameworkCore.Database.Command[20101]
      Executed DbCommand (0ms) [Parameters=[@__courtIds_0='?' (Size = 5)], CommandType='Text', CommandTimeout='30']
      SELECT COUNT(*)
      FROM "OpenPlaySignups" AS "o"
      WHERE "o"."CourtId" IN (
          SELECT "c"."value"
          FROM json_each(@__courtIds_0) AS "c"
      ) AND "o"."Status" = 0 AND "o"."PaymentProofSubmittedAt" IS NOT NULL
info: Microsoft.EntityFrameworkCore.Database.Command[20101]
      Executed DbCommand (0ms) [Parameters=[@__CurrentUserId_0='?' (Size = 36)], CommandType='Text', CommandTimeout='30']
      SELECT COUNT(*)
      FROM "AddOnRentals" AS "a"
      WHERE "a"."OwnerId" = @__CurrentUserId_0 AND "a"."Status" = 0 AND "a"."PaymentProofPath" IS NOT NULL
info: Microsoft.EntityFrameworkCore.Database.Command[20101]
      Executed DbCommand (0ms) [Parameters=[@__courtIds_0='?' (Size = 5)], CommandType='Text', CommandTimeout='30']
      SELECT COUNT(*)
      FROM "Bookings" AS "b"
      WHERE "b"."CourtId" IN (
          SELECT "c"."value"
          FROM json_each(@__courtIds_0) AS "c"
      ) AND "b"."Status" = 0 AND "b"."PaymentReference" IS NULL
info: Microsoft.EntityFrameworkCore.Database.Command[20101]
      Executed DbCommand (0ms) [Parameters=[@__courtIds_0='?' (Size = 5)], CommandType='Text', CommandTimeout='30']
      SELECT COUNT(*)
      FROM "OpenPlaySignups" AS "o"
      WHERE "o"."CourtId" IN (
          SELECT "c"."value"
          FROM json_each(@__courtIds_0) AS "c"
      ) AND "o"."Status" = 0 AND "o"."PaymentReference" IS NULL
info: Microsoft.EntityFrameworkCore.Database.Command[20101]
      Executed DbCommand (0ms) [Parameters=[@__CurrentUserId_0='?' (Size = 36)], CommandType='Text', CommandTimeout='30']
      SELECT COUNT(*)
      FROM "AddOnRentals" AS "a"
      WHERE "a"."OwnerId" = @__CurrentUserId_0 AND "a"."Status" = 0 AND "a"."PaymentReference" IS NULL
info: Microsoft.EntityFrameworkCore.Database.Command[20101]
      Executed DbCommand (0ms) [Parameters=[@__courtIds_0='?' (Size = 5)], CommandType='Text', CommandTimeout='30']
      SELECT COALESCE(ef_sum(ef_multiply(CAST("b"."Quantity" AS numeric(10,2)), "b"."UnitPrice")), '0.0')
      FROM "BookingAddOns" AS "b"
      INNER JOIN "Bookings" AS "b0" ON "b"."BookingId" = "b0"."Id"
      WHERE "b0"."CourtId" IN (
          SELECT "c"."value"
          FROM json_each(@__courtIds_0) AS "c"
      ) AND "b0"."Status" IN (1, 3) AND "b0"."PaymentStatus" <> 2
info: Microsoft.EntityFrameworkCore.Database.Command[20101]
      Executed DbCommand (0ms) [Parameters=[@__CurrentUserId_0='?' (Size = 36)], CommandType='Text', CommandTimeout='30']
      SELECT COALESCE(ef_sum("a"."TotalPrice"), '0.0')
      FROM "AddOnRentals" AS "a"
      WHERE "a"."OwnerId" = @__CurrentUserId_0 AND "a"."Status" IN (1, 3) AND "a"."PaymentStatus" <> 2
info: Microsoft.EntityFrameworkCore.Database.Command[20101]
      Executed DbCommand (0ms) [Parameters=[@__courtIds_0='?' (Size = 5), @__rangeFromUtc_1='?' (DbType = DateTime), @__rangeToExclusiveUtc_2='?' (DbType = DateTime), @__rangeFrom_3='?' (DbType = Date), @__rangeTo_4='?' (DbType = Date)], CommandType='Text', CommandTimeout='30']
      SELECT "b"."BookingDate", "b"."TotalPrice", "b"."Status", "b"."PaymentStatus", "b"."PaidAt", "b"."PaymentProofSubmittedAt" IS NOT NULL, "b"."PaymentReference", "b"."PaymentMethod", "b"."CourtId", "b"."LoggedByStaffId", "b"."RefundAmount"
      FROM "Bookings" AS "b"
      WHERE "b"."CourtId" IN (
          SELECT "c"."value"
          FROM json_each(@__courtIds_0) AS "c"
      ) AND (("b"."PaidAt" IS NOT NULL AND "b"."PaidAt" >= @__rangeFromUtc_1 AND "b"."PaidAt" < @__rangeToExclusiveUtc_2) OR ("b"."PaidAt" IS NULL AND "b"."BookingDate" >= @__rangeFrom_3 AND "b"."BookingDate" <= @__rangeTo_4))
info: Microsoft.EntityFrameworkCore.Database.Command[20101]
      Executed DbCommand (0ms) [Parameters=[@__courtIds_0='?' (Size = 5), @__rangeFromUtc_1='?' (DbType = DateTime), @__rangeToExclusiveUtc_2='?' (DbType = DateTime), @__rangeFrom_3='?' (DbType = Date), @__rangeTo_4='?' (DbType = Date)], CommandType='Text', CommandTimeout='30']
      SELECT "o"."BookingDate", "o"."TotalPrice", "o"."Status", "o"."PaymentStatus", "o"."PaidAt", "o"."PaymentProofSubmittedAt" IS NOT NULL, "o"."PaymentReference", "o"."PaymentMethod", "o"."CourtId", "o"."LoggedByStaffId", "o"."RefundAmount"
      FROM "OpenPlaySignups" AS "o"
      WHERE "o"."CourtId" IN (
          SELECT "c"."value"
          FROM json_each(@__courtIds_0) AS "c"
      ) AND (("o"."PaidAt" IS NOT NULL AND "o"."PaidAt" >= @__rangeFromUtc_1 AND "o"."PaidAt" < @__rangeToExclusiveUtc_2) OR ("o"."PaidAt" IS NULL AND "o"."BookingDate" >= @__rangeFrom_3 AND "o"."BookingDate" <= @__rangeTo_4))
info: Microsoft.EntityFrameworkCore.Database.Command[20101]
      Executed DbCommand (0ms) [Parameters=[@__CurrentUserId_0='?' (Size = 36), @__rangeFromUtc_1='?' (DbType = DateTime), @__rangeToExclusiveUtc_2='?' (DbType = DateTime), @__rangeFromUtc_3='?' (DbType = DateTime), @__rangeToExclusiveUtc_4='?' (DbType = DateTime)], CommandType='Text', CommandTimeout='30']
      SELECT "a"."CreatedAt", "a"."TotalPrice", "a"."Status", "a"."PaymentStatus", "a"."PaidAt", "a"."PaymentProofPath" IS NOT NULL AS "HasProof", "a"."PaymentReference", "a"."PaymentMethod", "a"."LoggedByStaffId"
      FROM "AddOnRentals" AS "a"
      WHERE "a"."OwnerId" = @__CurrentUserId_0 AND (("a"."PaidAt" IS NOT NULL AND "a"."PaidAt" >= @__rangeFromUtc_1 AND "a"."PaidAt" < @__rangeToExclusiveUtc_2) OR ("a"."PaidAt" IS NULL AND "a"."CreatedAt" >= @__rangeFromUtc_3 AND "a"."CreatedAt" < @__rangeToExclusiveUtc_4))
info: Microsoft.EntityFrameworkCore.Database.Command[20101]
      Executed DbCommand (0ms) [Parameters=[@__courtIds_0='?' (Size = 5)], CommandType='Text', CommandTimeout='30']
      SELECT "c"."Id", "c"."Name"
      FROM "Courts" AS "c"
      WHERE "c"."Id" IN (
          SELECT "c0"."value"
          FROM json_each(@__courtIds_0) AS "c0"
      )
info: Microsoft.EntityFrameworkCore.Database.Command[20101]
      Executed DbCommand (0ms) [Parameters=[@__staffIds_0='?' (Size = 79)], CommandType='Text', CommandTimeout='30']
      SELECT "a"."Id", "a"."AccessFailedCount", "a"."ConcurrencyStamp", "a"."CreatedAt", "a"."Email", "a"."EmailConfirmed", "a"."EmployerOwnerId", "a"."FirstName", "a"."IsGuest", "a"."LastName", "a"."LockoutEnabled", "a"."LockoutEnd", "a"."NormalizedEmail", "a"."NormalizedUserName", "a"."PasswordHash", "a"."PhoneNumber", "a"."PhoneNumberAlt", "a"."PhoneNumberConfirmed", "a"."PreferredFacilitySlug", "a"."PrivacyPolicyAcceptedAt", "a"."SecurityStamp", "a"."TwoFactorEnabled", "a"."UserName"
      FROM "AspNetUsers" AS "a"
      WHERE "a"."Id" IN (
          SELECT "s"."value"
          FROM json_each(@__staffIds_0) AS "s"
      )
info: Microsoft.EntityFrameworkCore.Database.Command[20101]
      Executed DbCommand (0ms) [Parameters=[@__courtIds_0='?' (Size = 5), @__rangeFromUtc_1='?' (DbType = DateTime), @__rangeToExclusiveUtc_2='?' (DbType = DateTime), @__rangeFrom_3='?' (DbType = Date), @__rangeTo_4='?' (DbType = Date)], CommandType='Text', CommandTimeout='30']
      SELECT "b"."AddOnItemId", "a"."Name", "b"."Quantity", "b"."UnitPrice", "b0"."BookingDate", "b0"."PaidAt", "b0"."Status", "b0"."PaymentStatus"
      FROM "BookingAddOns" AS "b"
      INNER JOIN "Bookings" AS "b0" ON "b"."BookingId" = "b0"."Id"
      INNER JOIN "AddOnItems" AS "a" ON "b"."AddOnItemId" = "a"."Id"
      WHERE "b0"."CourtId" IN (
          SELECT "c"."value"
          FROM json_each(@__courtIds_0) AS "c"
      ) AND (("b0"."PaidAt" IS NOT NULL AND "b0"."PaidAt" >= @__rangeFromUtc_1 AND "b0"."PaidAt" < @__rangeToExclusiveUtc_2) OR ("b0"."PaidAt" IS NULL AND "b0"."BookingDate" >= @__rangeFrom_3 AND "b0"."BookingDate" <= @__rangeTo_4))
info: Microsoft.EntityFrameworkCore.Database.Command[20101]
      Executed DbCommand (0ms) [Parameters=[@__CurrentUserId_0='?' (Size = 36), @__rangeFromUtc_1='?' (DbType = DateTime), @__rangeToExclusiveUtc_2='?' (DbType = DateTime), @__rangeFromUtc_3='?' (DbType = DateTime), @__rangeToExclusiveUtc_4='?' (DbType = DateTime)], CommandType='Text', CommandTimeout='30']
      SELECT "a"."AddOnItemId", "a1"."Name", "a"."Quantity", "a"."UnitPrice", "a0"."CreatedAt", "a0"."PaidAt", "a0"."Status", "a0"."PaymentStatus"
      FROM "AddOnRentalItems" AS "a"
      INNER JOIN "AddOnRentals" AS "a0" ON "a"."AddOnRentalId" = "a0"."Id"
      INNER JOIN "AddOnItems" AS "a1" ON "a"."AddOnItemId" = "a1"."Id"
      WHERE "a0"."OwnerId" = @__CurrentUserId_0 AND (("a0"."PaidAt" IS NOT NULL AND "a0"."PaidAt" >= @__rangeFromUtc_1 AND "a0"."PaidAt" < @__rangeToExclusiveUtc_2) OR ("a0"."PaidAt" IS NULL AND "a0"."CreatedAt" >= @__rangeFromUtc_3 AND "a0"."CreatedAt" < @__rangeToExclusiveUtc_4))
info: Microsoft.EntityFrameworkCore.Database.Command[20101]
      Executed DbCommand (0ms) [Parameters=[@__normalizedEmail_0='?' (Size = 29)], CommandType='Text', CommandTimeout='30']
      SELECT "a"."Id", "a"."AccessFailedCount", "a"."ConcurrencyStamp", "a"."CreatedAt", "a"."Email", "a"."EmailConfirmed", "a"."EmployerOwnerId", "a"."FirstName", "a"."IsGuest", "a"."LastName", "a"."LockoutEnabled", "a"."LockoutEnd", "a"."NormalizedEmail", "a"."NormalizedUserName", "a"."PasswordHash", "a"."PhoneNumber", "a"."PhoneNumberAlt", "a"."PhoneNumberConfirmed", "a"."PreferredFacilitySlug", "a"."PrivacyPolicyAcceptedAt", "a"."SecurityStamp", "a"."TwoFactorEnabled", "a"."UserName"
      FROM "AspNetUsers" AS "a"
      WHERE "a"."NormalizedEmail" = @__normalizedEmail_0
      LIMIT 2
info: Microsoft.EntityFrameworkCore.Database.Command[20101]
      Executed DbCommand (0ms) [Parameters=[@__userId_0='?' (Size = 36)], CommandType='Text', CommandTimeout='30']
      SELECT "a0"."Name"
      FROM "AspNetUserRoles" AS "a"
      INNER JOIN "AspNetRoles" AS "a0" ON "a"."RoleId" = "a0"."Id"
      WHERE "a"."UserId" = @__userId_0
warn: CourtBooking.Controllers.DevController[0]
      [Impersonation] Dev started impersonating admin.qa.20260803@example.com (Id=2190c0b7-fe1f-462b-a887-5d321c47b1a7, Roles=Admin) from ::1 at 2026-09-03T08:37:25.6819643Z
info: Microsoft.EntityFrameworkCore.Database.Command[20101]
      Executed DbCommand (0ms) [Parameters=[@__user_Id_0='?' (Size = 36)], CommandType='Text', CommandTimeout='30']
      SELECT "a"."Id", "a"."ClaimType", "a"."ClaimValue", "a"."UserId"
      FROM "AspNetUserClaims" AS "a"
      WHERE "a"."UserId" = @__user_Id_0
info: Microsoft.EntityFrameworkCore.Database.Command[20101]
      Executed DbCommand (0ms) [Parameters=[@__userId_0='?' (Size = 36)], CommandType='Text', CommandTimeout='30']
      SELECT "a0"."Name"
      FROM "AspNetUserRoles" AS "a"
      INNER JOIN "AspNetRoles" AS "a0" ON "a"."RoleId" = "a0"."Id"
      WHERE "a"."UserId" = @__userId_0
info: Microsoft.EntityFrameworkCore.Database.Command[20101]
      Executed DbCommand (0ms) [Parameters=[@__normalizedName_0='?' (Size = 5)], CommandType='Text', CommandTimeout='30']
      SELECT "a"."Id", "a"."ConcurrencyStamp", "a"."Name", "a"."NormalizedName"
      FROM "AspNetRoles" AS "a"
      WHERE "a"."NormalizedName" = @__normalizedName_0
      LIMIT 1
info: Microsoft.EntityFrameworkCore.Database.Command[20101]
      Executed DbCommand (0ms) [Parameters=[@__role_Id_0='?' (Size = 36)], CommandType='Text', CommandTimeout='30']
      SELECT "a"."ClaimType", "a"."ClaimValue"
      FROM "AspNetRoleClaims" AS "a"
      WHERE "a"."RoleId" = @__role_Id_0
info: Microsoft.EntityFrameworkCore.Database.Command[20101]
      Executed DbCommand (0ms) [Parameters=[@__CurrentUserId_0='?' (Size = 36)], CommandType='Text', CommandTimeout='30']
      SELECT "c"."Id"
      FROM "Courts" AS "c"
      WHERE "c"."OwnerId" = @__CurrentUserId_0
info: Microsoft.EntityFrameworkCore.Database.Command[20101]
      Executed DbCommand (0ms) [Parameters=[@__courtIds_0='?' (Size = 3)], CommandType='Text', CommandTimeout='30']
      SELECT COUNT(*)
      FROM "Bookings" AS "b"
      WHERE "b"."CourtId" IN (
          SELECT "c"."value"
          FROM json_each(@__courtIds_0) AS "c"
      ) AND "b"."Status" <> 2
info: Microsoft.EntityFrameworkCore.Database.Command[20101]
      Executed DbCommand (0ms) [Parameters=[@__courtIds_0='?' (Size = 3), @__Today_1='?' (DbType = Date)], CommandType='Text', CommandTimeout='30']
      SELECT COUNT(*)
      FROM "Bookings" AS "b"
      WHERE "b"."CourtId" IN (
          SELECT "c"."value"
          FROM json_each(@__courtIds_0) AS "c"
      ) AND "b"."BookingDate" = @__Today_1 AND "b"."Status" <> 2
info: Microsoft.EntityFrameworkCore.Database.Command[20101]
      Executed DbCommand (0ms) [Parameters=[@__courtIds_0='?' (Size = 3), @__Today_1='?' (DbType = Date)], CommandType='Text', CommandTimeout='30']
      SELECT COUNT(*)
      FROM "OpenPlaySignups" AS "o"
      WHERE "o"."CourtId" IN (
          SELECT "c"."value"
          FROM json_each(@__courtIds_0) AS "c"
      ) AND "o"."BookingDate" = @__Today_1 AND "o"."Status" <> 2
info: Microsoft.EntityFrameworkCore.Database.Command[20101]
      Executed DbCommand (0ms) [Parameters=[@__courtIds_0='?' (Size = 3)], CommandType='Text', CommandTimeout='30']
      SELECT COALESCE(ef_sum("b"."TotalPrice"), '0.0')
      FROM "Bookings" AS "b"
      WHERE "b"."CourtId" IN (
          SELECT "c"."value"
          FROM json_each(@__courtIds_0) AS "c"
      ) AND "b"."Status" IN (1, 3)
info: Microsoft.EntityFrameworkCore.Database.Command[20101]
      Executed DbCommand (0ms) [Parameters=[@__CurrentUserId_0='?' (Size = 36)], CommandType='Text', CommandTimeout='30']
      SELECT COUNT(*)
      FROM "Courts" AS "c"
      WHERE "c"."OwnerId" = @__CurrentUserId_0 AND "c"."IsActive"
info: Microsoft.EntityFrameworkCore.Database.Command[20101]
      Executed DbCommand (0ms) [Parameters=[@__courtIds_0='?' (Size = 3)], CommandType='Text', CommandTimeout='30']
      SELECT COUNT(*)
      FROM "Bookings" AS "b"
      WHERE "b"."CourtId" IN (
          SELECT "c"."value"
          FROM json_each(@__courtIds_0) AS "c"
      ) AND "b"."Status" = 0 AND "b"."PaymentProofSubmittedAt" IS NOT NULL
info: Microsoft.EntityFrameworkCore.Database.Command[20101]
      Executed DbCommand (0ms) [Parameters=[@__courtIds_0='?' (Size = 3)], CommandType='Text', CommandTimeout='30']
      SELECT COUNT(*)
      FROM "OpenPlaySignups" AS "o"
      WHERE "o"."CourtId" IN (
          SELECT "c"."value"
          FROM json_each(@__courtIds_0) AS "c"
      ) AND "o"."Status" = 0 AND "o"."PaymentProofSubmittedAt" IS NOT NULL
info: Microsoft.EntityFrameworkCore.Database.Command[20101]
      Executed DbCommand (0ms) [Parameters=[@__CurrentUserId_0='?' (Size = 36)], CommandType='Text', CommandTimeout='30']
      SELECT COUNT(*)
      FROM "AddOnRentals" AS "a"
      WHERE "a"."OwnerId" = @__CurrentUserId_0 AND "a"."Status" = 0
info: Microsoft.EntityFrameworkCore.Database.Command[20101]
      Executed DbCommand (0ms) [Parameters=[@__CurrentUserId_0='?' (Size = 36)], CommandType='Text', CommandTimeout='30']
      SELECT "f"."Id", "f"."Address", "f"."BillingModel", "f"."BrandLogoUrl", "f"."BrandName", "f"."BrandTagline", "f"."CommissionBalanceOwed", "f"."CommissionPaymentProofPath", "f"."CommissionPaymentRef", "f"."CommissionPaymentSubmittedAt", "f"."CommissionRate", "f"."CommissionTotalPaid", "f"."DeactivatedAt", "f"."FacebookUrl", "f"."FacilityName", "f"."GCashName", "f"."GCashNumber", "f"."GCashQrCodePath", "f"."GoTymeName", "f"."GoTymeNumber", "f"."GoTymeQrCodePath", "f"."HouseRules", "f"."InstagramUrl", "f"."IsDeactivated", "f"."IsSubscribed", "f"."IsSuspended", "f"."LastExpiryReminderThreshold", "f"."MayaName", "f"."MayaNumber", "f"."MayaQrCodePath", "f"."OwnerId", "f"."PayMongoMethods", "f"."PayMongoSecretKey", "f"."PaymentInstructions", "f"."Slug", "f"."SubscriptionActivatedAt", "f"."SubscriptionExpiresAt", "f"."SubscriptionPaymentRef", "f"."SubscriptionPlan", "f"."SubscriptionProofPath", "f"."SubscriptionSubmittedAt", "f"."SuspendedAt", "f"."SuspendedReason", "f"."TrialStartedAt"
      FROM "FacilitySettings" AS "f"
      WHERE "f"."OwnerId" = @__CurrentUserId_0
      LIMIT 1
info: Microsoft.EntityFrameworkCore.Database.Command[20101]
      Executed DbCommand (2ms) [Parameters=[@__courtIds_0='?' (Size = 3), @__p_1='?' (DbType = Int32)], CommandType='Text', CommandTimeout='30']
      SELECT "b0"."Id", "b0"."BookingDate", "b0"."BundleGroupId", "b0"."CheckoutSessionId", "b0"."CommissionAmount", "b0"."CommissionPaid", "b0"."CourtBundleId", "b0"."CourtId", "b0"."CourtName", "b0"."CreatedAt", "b0"."CustomerName", "b0"."CustomerNameSnapshot", "b0"."DiscountAmount", "b0"."EndTime", "b0"."FacilityName", "b0"."GuestAccessToken", "b0"."LoggedByStaffId", "b0"."LoggedByStaffName", "b0"."Notes", "b0"."PaidAt", "b0"."PaymentMethod", "b0"."PaymentProofPath", "b0"."PaymentProofSubmittedAt", "b0"."PaymentReference", "b0"."PaymentStatus", "b0"."RefundAmount", "b0"."RefundReason", "b0"."RefundedAt", "b0"."ReservedUntil", "b0"."StartTime", "b0"."Status", "b0"."TotalPrice", "b0"."UserId", "b0"."VoucherCode", "b0"."VoucherId", "c0"."Id", "c0"."ClosingHour", "c0"."Description", "c0"."FacilityName", "c0"."ImageUrl", "c0"."IsActive", "c0"."IsIndoor", "c0"."Name", "c0"."OpeningHour", "c0"."OwnerId", "c0"."PricePerHour", "c0"."SportType", "a"."Id", "a"."AccessFailedCount", "a"."ConcurrencyStamp", "a"."CreatedAt", "a"."Email", "a"."EmailConfirmed", "a"."EmployerOwnerId", "a"."FirstName", "a"."IsGuest", "a"."LastName", "a"."LockoutEnabled", "a"."LockoutEnd", "a"."NormalizedEmail", "a"."NormalizedUserName", "a"."PasswordHash", "a"."PhoneNumber", "a"."PhoneNumberAlt", "a"."PhoneNumberConfirmed", "a"."PreferredFacilitySlug", "a"."PrivacyPolicyAcceptedAt", "a"."SecurityStamp", "a"."TwoFactorEnabled", "a"."UserName", "c1"."Id", "c1"."IsActive", "c1"."Name", "c1"."OwnerId", "s"."Id", "s"."AddOnItemId", "s"."BookingId", "s"."PricingType", "s"."Quantity", "s"."UnitPrice", "s"."Id0", "s"."IsActive", "s"."Name", "s"."OwnerId", "s"."Price", "s"."PricingType0"
      FROM (
          SELECT "b"."Id", "b"."BookingDate", "b"."BundleGroupId", "b"."CheckoutSessionId", "b"."CommissionAmount", "b"."CommissionPaid", "b"."CourtBundleId", "b"."CourtId", "b"."CourtName", "b"."CreatedAt", "b"."CustomerName", "b"."CustomerNameSnapshot", "b"."DiscountAmount", "b"."EndTime", "b"."FacilityName", "b"."GuestAccessToken", "b"."LoggedByStaffId", "b"."LoggedByStaffName", "b"."Notes", "b"."PaidAt", "b"."PaymentMethod", "b"."PaymentProofPath", "b"."PaymentProofSubmittedAt", "b"."PaymentReference", "b"."PaymentStatus", "b"."RefundAmount", "b"."RefundReason", "b"."RefundedAt", "b"."ReservedUntil", "b"."StartTime", "b"."Status", "b"."TotalPrice", "b"."UserId", "b"."VoucherCode", "b"."VoucherId"
          FROM "Bookings" AS "b"
          WHERE "b"."CourtId" IN (
              SELECT "c"."value"
              FROM json_each(@__courtIds_0) AS "c"
          )
          ORDER BY "b"."CreatedAt" DESC
          LIMIT @__p_1
      ) AS "b0"
      INNER JOIN "Courts" AS "c0" ON "b0"."CourtId" = "c0"."Id"
      INNER JOIN "AspNetUsers" AS "a" ON "b0"."UserId" = "a"."Id"
      LEFT JOIN "CourtBundles" AS "c1" ON "b0"."CourtBundleId" = "c1"."Id"
      LEFT JOIN (
          SELECT "b1"."Id", "b1"."AddOnItemId", "b1"."BookingId", "b1"."PricingType", "b1"."Quantity", "b1"."UnitPrice", "a0"."Id" AS "Id0", "a0"."IsActive", "a0"."Name", "a0"."OwnerId", "a0"."Price", "a0"."PricingType" AS "PricingType0"
          FROM "BookingAddOns" AS "b1"
          INNER JOIN "AddOnItems" AS "a0" ON "b1"."AddOnItemId" = "a0"."Id"
      ) AS "s" ON "b0"."Id" = "s"."BookingId"
      ORDER BY "b0"."CreatedAt" DESC, "b0"."Id", "c0"."Id", "a"."Id", "c1"."Id", "s"."Id"
info: Microsoft.EntityFrameworkCore.Database.Command[20101]
      Executed DbCommand (1ms) [Parameters=[@__courtIds_0='?' (Size = 3), @__p_1='?' (DbType = Int32)], CommandType='Text', CommandTimeout='30']
      SELECT "o0"."Id", "o0"."BookingDate", "o0"."CommissionAmount", "o0"."CourtId", "o0"."CourtName", "o0"."CreatedAt", "o0"."CustomerName", "o0"."CustomerNameSnapshot", "o0"."DiscountAmount", "o0"."EndHour", "o0"."FacilityName", "o0"."GuestAccessToken", "o0"."LoggedByStaffId", "o0"."LoggedByStaffName", "o0"."Notes", "o0"."PaidAt", "o0"."PaymentMethod", "o0"."PaymentProofPath", "o0"."PaymentProofSubmittedAt", "o0"."PaymentReference", "o0"."PaymentStatus", "o0"."PlayerNames", "o0"."PricePerHeadSnapshot", "o0"."RefundAmount", "o0"."RefundReason", "o0"."RefundedAt", "o0"."ReservedUntil", "o0"."SpotCount", "o0"."StartHour", "o0"."Status", "o0"."TotalPrice", "o0"."UserId", "o0"."VoucherCode", "o0"."VoucherId", "c0"."Id", "c0"."ClosingHour", "c0"."Description", "c0"."FacilityName", "c0"."ImageUrl", "c0"."IsActive", "c0"."IsIndoor", "c0"."Name", "c0"."OpeningHour", "c0"."OwnerId", "c0"."PricePerHour", "c0"."SportType", "a"."Id", "a"."AccessFailedCount", "a"."ConcurrencyStamp", "a"."CreatedAt", "a"."Email", "a"."EmailConfirmed", "a"."EmployerOwnerId", "a"."FirstName", "a"."IsGuest", "a"."LastName", "a"."LockoutEnabled", "a"."LockoutEnd", "a"."NormalizedEmail", "a"."NormalizedUserName", "a"."PasswordHash", "a"."PhoneNumber", "a"."PhoneNumberAlt", "a"."PhoneNumberConfirmed", "a"."PreferredFacilitySlug", "a"."PrivacyPolicyAcceptedAt", "a"."SecurityStamp", "a"."TwoFactorEnabled", "a"."UserName"
      FROM (
          SELECT "o"."Id", "o"."BookingDate", "o"."CommissionAmount", "o"."CourtId", "o"."CourtName", "o"."CreatedAt", "o"."CustomerName", "o"."CustomerNameSnapshot", "o"."DiscountAmount", "o"."EndHour", "o"."FacilityName", "o"."GuestAccessToken", "o"."LoggedByStaffId", "o"."LoggedByStaffName", "o"."Notes", "o"."PaidAt", "o"."PaymentMethod", "o"."PaymentProofPath", "o"."PaymentProofSubmittedAt", "o"."PaymentReference", "o"."PaymentStatus", "o"."PlayerNames", "o"."PricePerHeadSnapshot", "o"."RefundAmount", "o"."RefundReason", "o"."RefundedAt", "o"."ReservedUntil", "o"."SpotCount", "o"."StartHour", "o"."Status", "o"."TotalPrice", "o"."UserId", "o"."VoucherCode", "o"."VoucherId"
          FROM "OpenPlaySignups" AS "o"
          WHERE "o"."CourtId" IN (
              SELECT "c"."value"
              FROM json_each(@__courtIds_0) AS "c"
          )
          ORDER BY "o"."CreatedAt" DESC
          LIMIT @__p_1
      ) AS "o0"
      INNER JOIN "Courts" AS "c0" ON "o0"."CourtId" = "c0"."Id"
      INNER JOIN "AspNetUsers" AS "a" ON "o0"."UserId" = "a"."Id"
      ORDER BY "o0"."CreatedAt" DESC
info: Microsoft.EntityFrameworkCore.Database.Command[20101]
      Executed DbCommand (0ms) [Parameters=[@__staffIds_0='?' (Size = 79)], CommandType='Text', CommandTimeout='30']
      SELECT "a"."Id", "a"."AccessFailedCount", "a"."ConcurrencyStamp", "a"."CreatedAt", "a"."Email", "a"."EmailConfirmed", "a"."EmployerOwnerId", "a"."FirstName", "a"."IsGuest", "a"."LastName", "a"."LockoutEnabled", "a"."LockoutEnd", "a"."NormalizedEmail", "a"."NormalizedUserName", "a"."PasswordHash", "a"."PhoneNumber", "a"."PhoneNumberAlt", "a"."PhoneNumberConfirmed", "a"."PreferredFacilitySlug", "a"."PrivacyPolicyAcceptedAt", "a"."SecurityStamp", "a"."TwoFactorEnabled", "a"."UserName"
      FROM "AspNetUsers" AS "a"
      WHERE "a"."Id" IN (
          SELECT "s"."value"
          FROM json_each(@__staffIds_0) AS "s"
      )
info: Microsoft.EntityFrameworkCore.Database.Command[20101]
      Executed DbCommand (0ms) [Parameters=[@___uid_0='?' (Size = 36)], CommandType='Text', CommandTimeout='30']
      SELECT "f"."Id", "f"."Address", "f"."BillingModel", "f"."BrandLogoUrl", "f"."BrandName", "f"."BrandTagline", "f"."CommissionBalanceOwed", "f"."CommissionPaymentProofPath", "f"."CommissionPaymentRef", "f"."CommissionPaymentSubmittedAt", "f"."CommissionRate", "f"."CommissionTotalPaid", "f"."DeactivatedAt", "f"."FacebookUrl", "f"."FacilityName", "f"."GCashName", "f"."GCashNumber", "f"."GCashQrCodePath", "f"."GoTymeName", "f"."GoTymeNumber", "f"."GoTymeQrCodePath", "f"."HouseRules", "f"."InstagramUrl", "f"."IsDeactivated", "f"."IsSubscribed", "f"."IsSuspended", "f"."LastExpiryReminderThreshold", "f"."MayaName", "f"."MayaNumber", "f"."MayaQrCodePath", "f"."OwnerId", "f"."PayMongoMethods", "f"."PayMongoSecretKey", "f"."PaymentInstructions", "f"."Slug", "f"."SubscriptionActivatedAt", "f"."SubscriptionExpiresAt", "f"."SubscriptionPaymentRef", "f"."SubscriptionPlan", "f"."SubscriptionProofPath", "f"."SubscriptionSubmittedAt", "f"."SuspendedAt", "f"."SuspendedReason", "f"."TrialStartedAt"
      FROM "FacilitySettings" AS "f"
      WHERE "f"."OwnerId" = @___uid_0
      LIMIT 1
info: Microsoft.EntityFrameworkCore.Database.Command[20101]
      Executed DbCommand (0ms) [Parameters=[], CommandType='Text', CommandTimeout='30']
      SELECT "p"."LogoData", "p"."LogoContentType"
      FROM "PlatformConfig" AS "p"
      LIMIT 1
info: Microsoft.EntityFrameworkCore.Database.Command[20101]
      Executed DbCommand (0ms) [Parameters=[@__CurrentUserId_0='?' (Size = 36)], CommandType='Text', CommandTimeout='30']
      SELECT "c"."Id"
      FROM "Courts" AS "c"
      WHERE "c"."OwnerId" = @__CurrentUserId_0
info: Microsoft.EntityFrameworkCore.Database.Command[20101]
      Executed DbCommand (1ms) [Parameters=[@__courtIds_0='?' (Size = 3), @__s_1='?' (DbType = Int32), @__dateFrom_Value_2='?' (DbType = Date), @__dateTo_Value_3='?' (DbType = Date)], CommandType='Text', CommandTimeout='30']
      SELECT "b"."Id", "b"."BookingDate", "b"."BundleGroupId", "b"."CheckoutSessionId", "b"."CommissionAmount", "b"."CommissionPaid", "b"."CourtBundleId", "b"."CourtId", "b"."CourtName", "b"."CreatedAt", "b"."CustomerName", "b"."CustomerNameSnapshot", "b"."DiscountAmount", "b"."EndTime", "b"."FacilityName", "b"."GuestAccessToken", "b"."LoggedByStaffId", "b"."LoggedByStaffName", "b"."Notes", "b"."PaidAt", "b"."PaymentMethod", "b"."PaymentProofPath", "b"."PaymentProofSubmittedAt", "b"."PaymentReference", "b"."PaymentStatus", "b"."RefundAmount", "b"."RefundReason", "b"."RefundedAt", "b"."ReservedUntil", "b"."StartTime", "b"."Status", "b"."TotalPrice", "b"."UserId", "b"."VoucherCode", "b"."VoucherId", "c0"."Id", "c0"."ClosingHour", "c0"."Description", "c0"."FacilityName", "c0"."ImageUrl", "c0"."IsActive", "c0"."IsIndoor", "c0"."Name", "c0"."OpeningHour", "c0"."OwnerId", "c0"."PricePerHour", "c0"."SportType", "a"."Id", "a"."AccessFailedCount", "a"."ConcurrencyStamp", "a"."CreatedAt", "a"."Email", "a"."EmailConfirmed", "a"."EmployerOwnerId", "a"."FirstName", "a"."IsGuest", "a"."LastName", "a"."LockoutEnabled", "a"."LockoutEnd", "a"."NormalizedEmail", "a"."NormalizedUserName", "a"."PasswordHash", "a"."PhoneNumber", "a"."PhoneNumberAlt", "a"."PhoneNumberConfirmed", "a"."PreferredFacilitySlug", "a"."PrivacyPolicyAcceptedAt", "a"."SecurityStamp", "a"."TwoFactorEnabled", "a"."UserName", "c1"."Id", "c1"."IsActive", "c1"."Name", "c1"."OwnerId", "s"."Id", "s"."AddOnItemId", "s"."BookingId", "s"."PricingType", "s"."Quantity", "s"."UnitPrice", "s"."Id0", "s"."IsActive", "s"."Name", "s"."OwnerId", "s"."Price", "s"."PricingType0"
      FROM "Bookings" AS "b"
      INNER JOIN "Courts" AS "c0" ON "b"."CourtId" = "c0"."Id"
      INNER JOIN "AspNetUsers" AS "a" ON "b"."UserId" = "a"."Id"
      LEFT JOIN "CourtBundles" AS "c1" ON "b"."CourtBundleId" = "c1"."Id"
      LEFT JOIN (
          SELECT "b0"."Id", "b0"."AddOnItemId", "b0"."BookingId", "b0"."PricingType", "b0"."Quantity", "b0"."UnitPrice", "a0"."Id" AS "Id0", "a0"."IsActive", "a0"."Name", "a0"."OwnerId", "a0"."Price", "a0"."PricingType" AS "PricingType0"
          FROM "BookingAddOns" AS "b0"
          INNER JOIN "AddOnItems" AS "a0" ON "b0"."AddOnItemId" = "a0"."Id"
      ) AS "s" ON "b"."Id" = "s"."BookingId"
      WHERE "b"."CourtId" IN (
          SELECT "c"."value"
          FROM json_each(@__courtIds_0) AS "c"
      ) AND "b"."Status" = @__s_1 AND "b"."BookingDate" >= @__dateFrom_Value_2 AND "b"."BookingDate" <= @__dateTo_Value_3
      ORDER BY COALESCE("b"."PaymentProofSubmittedAt", "b"."CreatedAt") DESC, "b"."Id", "c0"."Id", "a"."Id", "c1"."Id", "s"."Id"
info: Microsoft.EntityFrameworkCore.Database.Command[20101]
      Executed DbCommand (0ms) [Parameters=[@__courtIds_0='?' (Size = 3), @__signupStatus_1='?' (DbType = Int32), @__dateFrom_Value_2='?' (DbType = Date), @__dateTo_Value_3='?' (DbType = Date)], CommandType='Text', CommandTimeout='30']
      SELECT "o"."Id", "o"."BookingDate", "o"."CommissionAmount", "o"."CourtId", "o"."CourtName", "o"."CreatedAt", "o"."CustomerName", "o"."CustomerNameSnapshot", "o"."DiscountAmount", "o"."EndHour", "o"."FacilityName", "o"."GuestAccessToken", "o"."LoggedByStaffId", "o"."LoggedByStaffName", "o"."Notes", "o"."PaidAt", "o"."PaymentMethod", "o"."PaymentProofPath", "o"."PaymentProofSubmittedAt", "o"."PaymentReference", "o"."PaymentStatus", "o"."PlayerNames", "o"."PricePerHeadSnapshot", "o"."RefundAmount", "o"."RefundReason", "o"."RefundedAt", "o"."ReservedUntil", "o"."SpotCount", "o"."StartHour", "o"."Status", "o"."TotalPrice", "o"."UserId", "o"."VoucherCode", "o"."VoucherId", "c0"."Id", "c0"."ClosingHour", "c0"."Description", "c0"."FacilityName", "c0"."ImageUrl", "c0"."IsActive", "c0"."IsIndoor", "c0"."Name", "c0"."OpeningHour", "c0"."OwnerId", "c0"."PricePerHour", "c0"."SportType", "a"."Id", "a"."AccessFailedCount", "a"."ConcurrencyStamp", "a"."CreatedAt", "a"."Email", "a"."EmailConfirmed", "a"."EmployerOwnerId", "a"."FirstName", "a"."IsGuest", "a"."LastName", "a"."LockoutEnabled", "a"."LockoutEnd", "a"."NormalizedEmail", "a"."NormalizedUserName", "a"."PasswordHash", "a"."PhoneNumber", "a"."PhoneNumberAlt", "a"."PhoneNumberConfirmed", "a"."PreferredFacilitySlug", "a"."PrivacyPolicyAcceptedAt", "a"."SecurityStamp", "a"."TwoFactorEnabled", "a"."UserName"
      FROM "OpenPlaySignups" AS "o"
      INNER JOIN "Courts" AS "c0" ON "o"."CourtId" = "c0"."Id"
      INNER JOIN "AspNetUsers" AS "a" ON "o"."UserId" = "a"."Id"
      WHERE "o"."CourtId" IN (
          SELECT "c"."value"
          FROM json_each(@__courtIds_0) AS "c"
      ) AND "o"."Status" = @__signupStatus_1 AND "o"."BookingDate" >= @__dateFrom_Value_2 AND "o"."BookingDate" <= @__dateTo_Value_3
info: Microsoft.EntityFrameworkCore.Database.Command[20101]
      Executed DbCommand (0ms) [Parameters=[@__staffIds_0='?' (Size = 40)], CommandType='Text', CommandTimeout='30']
      SELECT "a"."Id", "a"."AccessFailedCount", "a"."ConcurrencyStamp", "a"."CreatedAt", "a"."Email", "a"."EmailConfirmed", "a"."EmployerOwnerId", "a"."FirstName", "a"."IsGuest", "a"."LastName", "a"."LockoutEnabled", "a"."LockoutEnd", "a"."NormalizedEmail", "a"."NormalizedUserName", "a"."PasswordHash", "a"."PhoneNumber", "a"."PhoneNumberAlt", "a"."PhoneNumberConfirmed", "a"."PreferredFacilitySlug", "a"."PrivacyPolicyAcceptedAt", "a"."SecurityStamp", "a"."TwoFactorEnabled", "a"."UserName"
      FROM "AspNetUsers" AS "a"
      WHERE "a"."Id" IN (
          SELECT "s"."value"
          FROM json_each(@__staffIds_0) AS "s"
      )
info: Microsoft.EntityFrameworkCore.Database.Command[20101]
      Executed DbCommand (0ms) [Parameters=[@__CurrentUserId_0='?' (Size = 36)], CommandType='Text', CommandTimeout='30']
      SELECT "a"."Id", "a"."AccessFailedCount", "a"."ConcurrencyStamp", "a"."CreatedAt", "a"."Email", "a"."EmailConfirmed", "a"."EmployerOwnerId", "a"."FirstName", "a"."IsGuest", "a"."LastName", "a"."LockoutEnabled", "a"."LockoutEnd", "a"."NormalizedEmail", "a"."NormalizedUserName", "a"."PasswordHash", "a"."PhoneNumber", "a"."PhoneNumberAlt", "a"."PhoneNumberConfirmed", "a"."PreferredFacilitySlug", "a"."PrivacyPolicyAcceptedAt", "a"."SecurityStamp", "a"."TwoFactorEnabled", "a"."UserName"
      FROM "AspNetUsers" AS "a"
      WHERE "a"."EmployerOwnerId" = @__CurrentUserId_0
info: Microsoft.EntityFrameworkCore.Database.Command[20101]
      Executed DbCommand (0ms) [Parameters=[@__courtIds_0='?' (Size = 3)], CommandType='Text', CommandTimeout='30']
      SELECT COUNT(*)
      FROM "Bookings" AS "b"
      WHERE "b"."CourtId" IN (
          SELECT "c"."value"
          FROM json_each(@__courtIds_0) AS "c"
      ) AND "b"."Status" = 0 AND "b"."PaymentStatus" = 0 AND "b"."PaymentProofSubmittedAt" IS NOT NULL
info: Microsoft.EntityFrameworkCore.Database.Command[20101]
      Executed DbCommand (0ms) [Parameters=[@__courtIds_0='?' (Size = 3)], CommandType='Text', CommandTimeout='30']
      SELECT COUNT(*)
      FROM "OpenPlaySignups" AS "o"
      WHERE "o"."CourtId" IN (
          SELECT "c"."value"
          FROM json_each(@__courtIds_0) AS "c"
      ) AND "o"."Status" = 0 AND "o"."PaymentStatus" = 0 AND "o"."PaymentProofSubmittedAt" IS NOT NULL
info: Microsoft.EntityFrameworkCore.Database.Command[20101]
      Executed DbCommand (0ms) [Parameters=[@__ownerId_0='?' (Size = 36)], CommandType='Text', CommandTimeout='30']
      SELECT "f"."Id", "f"."Address", "f"."BillingModel", "f"."BrandLogoUrl", "f"."BrandName", "f"."BrandTagline", "f"."CommissionBalanceOwed", "f"."CommissionPaymentProofPath", "f"."CommissionPaymentRef", "f"."CommissionPaymentSubmittedAt", "f"."CommissionRate", "f"."CommissionTotalPaid", "f"."DeactivatedAt", "f"."FacebookUrl", "f"."FacilityName", "f"."GCashName", "f"."GCashNumber", "f"."GCashQrCodePath", "f"."GoTymeName", "f"."GoTymeNumber", "f"."GoTymeQrCodePath", "f"."HouseRules", "f"."InstagramUrl", "f"."IsDeactivated", "f"."IsSubscribed", "f"."IsSuspended", "f"."LastExpiryReminderThreshold", "f"."MayaName", "f"."MayaNumber", "f"."MayaQrCodePath", "f"."OwnerId", "f"."PayMongoMethods", "f"."PayMongoSecretKey", "f"."PaymentInstructions", "f"."Slug", "f"."SubscriptionActivatedAt", "f"."SubscriptionExpiresAt", "f"."SubscriptionPaymentRef", "f"."SubscriptionPlan", "f"."SubscriptionProofPath", "f"."SubscriptionSubmittedAt", "f"."SuspendedAt", "f"."SuspendedReason", "f"."TrialStartedAt"
      FROM "FacilitySettings" AS "f"
      WHERE "f"."OwnerId" = @__ownerId_0
      LIMIT 1
info: Microsoft.EntityFrameworkCore.Database.Command[20101]
      Executed DbCommand (0ms) [Parameters=[@__CurrentUserId_0='?' (Size = 36)], CommandType='Text', CommandTimeout='30']
      SELECT "c"."Id", "c"."Name"
      FROM "Courts" AS "c"
      WHERE "c"."OwnerId" = @__CurrentUserId_0 AND "c"."IsActive"
      ORDER BY "c"."Name"
info: Microsoft.EntityFrameworkCore.Database.Command[20101]
      Executed DbCommand (0ms) [Parameters=[@___uid_0='?' (Size = 36)], CommandType='Text', CommandTimeout='30']
      SELECT "f"."Id", "f"."Address", "f"."BillingModel", "f"."BrandLogoUrl", "f"."BrandName", "f"."BrandTagline", "f"."CommissionBalanceOwed", "f"."CommissionPaymentProofPath", "f"."CommissionPaymentRef", "f"."CommissionPaymentSubmittedAt", "f"."CommissionRate", "f"."CommissionTotalPaid", "f"."DeactivatedAt", "f"."FacebookUrl", "f"."FacilityName", "f"."GCashName", "f"."GCashNumber", "f"."GCashQrCodePath", "f"."GoTymeName", "f"."GoTymeNumber", "f"."GoTymeQrCodePath", "f"."HouseRules", "f"."InstagramUrl", "f"."IsDeactivated", "f"."IsSubscribed", "f"."IsSuspended", "f"."LastExpiryReminderThreshold", "f"."MayaName", "f"."MayaNumber", "f"."MayaQrCodePath", "f"."OwnerId", "f"."PayMongoMethods", "f"."PayMongoSecretKey", "f"."PaymentInstructions", "f"."Slug", "f"."SubscriptionActivatedAt", "f"."SubscriptionExpiresAt", "f"."SubscriptionPaymentRef", "f"."SubscriptionPlan", "f"."SubscriptionProofPath", "f"."SubscriptionSubmittedAt", "f"."SuspendedAt", "f"."SuspendedReason", "f"."TrialStartedAt"
      FROM "FacilitySettings" AS "f"
      WHERE "f"."OwnerId" = @___uid_0
      LIMIT 1
info: Microsoft.EntityFrameworkCore.Database.Command[20101]
      Executed DbCommand (0ms) [Parameters=[], CommandType='Text', CommandTimeout='30']
      SELECT "p"."LogoData", "p"."LogoContentType"
      FROM "PlatformConfig" AS "p"
      LIMIT 1
info: Microsoft.EntityFrameworkCore.Database.Command[20101]
      Executed DbCommand (0ms) [Parameters=[@__normalizedEmail_0='?' (Size = 29)], CommandType='Text', CommandTimeout='30']
      SELECT "a"."Id", "a"."AccessFailedCount", "a"."ConcurrencyStamp", "a"."CreatedAt", "a"."Email", "a"."EmailConfirmed", "a"."EmployerOwnerId", "a"."FirstName", "a"."IsGuest", "a"."LastName", "a"."LockoutEnabled", "a"."LockoutEnd", "a"."NormalizedEmail", "a"."NormalizedUserName", "a"."PasswordHash", "a"."PhoneNumber", "a"."PhoneNumberAlt", "a"."PhoneNumberConfirmed", "a"."PreferredFacilitySlug", "a"."PrivacyPolicyAcceptedAt", "a"."SecurityStamp", "a"."TwoFactorEnabled", "a"."UserName"
      FROM "AspNetUsers" AS "a"
      WHERE "a"."NormalizedEmail" = @__normalizedEmail_0
      LIMIT 2
info: Microsoft.EntityFrameworkCore.Database.Command[20101]
      Executed DbCommand (0ms) [Parameters=[@__userId_0='?' (Size = 36)], CommandType='Text', CommandTimeout='30']
      SELECT "a0"."Name"
      FROM "AspNetUserRoles" AS "a"
      INNER JOIN "AspNetRoles" AS "a0" ON "a"."RoleId" = "a0"."Id"
      WHERE "a"."UserId" = @__userId_0
warn: CourtBooking.Controllers.DevController[0]
      [Impersonation] Dev started impersonating admin.qa.20260803@example.com (Id=2190c0b7-fe1f-462b-a887-5d321c47b1a7, Roles=Admin) from ::1 at 2026-09-03T08:37:42.1167021Z
info: Microsoft.EntityFrameworkCore.Database.Command[20101]
      Executed DbCommand (0ms) [Parameters=[@__user_Id_0='?' (Size = 36)], CommandType='Text', CommandTimeout='30']
      SELECT "a"."Id", "a"."ClaimType", "a"."ClaimValue", "a"."UserId"
      FROM "AspNetUserClaims" AS "a"
      WHERE "a"."UserId" = @__user_Id_0
info: Microsoft.EntityFrameworkCore.Database.Command[20101]
      Executed DbCommand (0ms) [Parameters=[@__userId_0='?' (Size = 36)], CommandType='Text', CommandTimeout='30']
      SELECT "a0"."Name"
      FROM "AspNetUserRoles" AS "a"
      INNER JOIN "AspNetRoles" AS "a0" ON "a"."RoleId" = "a0"."Id"
      WHERE "a"."UserId" = @__userId_0
info: Microsoft.EntityFrameworkCore.Database.Command[20101]
      Executed DbCommand (0ms) [Parameters=[@__normalizedName_0='?' (Size = 5)], CommandType='Text', CommandTimeout='30']
      SELECT "a"."Id", "a"."ConcurrencyStamp", "a"."Name", "a"."NormalizedName"
      FROM "AspNetRoles" AS "a"
      WHERE "a"."NormalizedName" = @__normalizedName_0
      LIMIT 1
info: Microsoft.EntityFrameworkCore.Database.Command[20101]
      Executed DbCommand (0ms) [Parameters=[@__role_Id_0='?' (Size = 36)], CommandType='Text', CommandTimeout='30']
      SELECT "a"."ClaimType", "a"."ClaimValue"
      FROM "AspNetRoleClaims" AS "a"
      WHERE "a"."RoleId" = @__role_Id_0
info: Microsoft.EntityFrameworkCore.Database.Command[20101]
      Executed DbCommand (0ms) [Parameters=[@__CurrentUserId_0='?' (Size = 36)], CommandType='Text', CommandTimeout='30']
      SELECT "c"."Id"
      FROM "Courts" AS "c"
      WHERE "c"."OwnerId" = @__CurrentUserId_0
info: Microsoft.EntityFrameworkCore.Database.Command[20101]
      Executed DbCommand (0ms) [Parameters=[@__courtIds_0='?' (Size = 3)], CommandType='Text', CommandTimeout='30']
      SELECT COUNT(*)
      FROM "Bookings" AS "b"
      WHERE "b"."CourtId" IN (
          SELECT "c"."value"
          FROM json_each(@__courtIds_0) AS "c"
      ) AND "b"."Status" <> 2
info: Microsoft.EntityFrameworkCore.Database.Command[20101]
      Executed DbCommand (0ms) [Parameters=[@__courtIds_0='?' (Size = 3), @__Today_1='?' (DbType = Date)], CommandType='Text', CommandTimeout='30']
      SELECT COUNT(*)
      FROM "Bookings" AS "b"
      WHERE "b"."CourtId" IN (
          SELECT "c"."value"
          FROM json_each(@__courtIds_0) AS "c"
      ) AND "b"."BookingDate" = @__Today_1 AND "b"."Status" <> 2
info: Microsoft.EntityFrameworkCore.Database.Command[20101]
      Executed DbCommand (0ms) [Parameters=[@__courtIds_0='?' (Size = 3), @__Today_1='?' (DbType = Date)], CommandType='Text', CommandTimeout='30']
      SELECT COUNT(*)
      FROM "OpenPlaySignups" AS "o"
      WHERE "o"."CourtId" IN (
          SELECT "c"."value"
          FROM json_each(@__courtIds_0) AS "c"
      ) AND "o"."BookingDate" = @__Today_1 AND "o"."Status" <> 2
info: Microsoft.EntityFrameworkCore.Database.Command[20101]
      Executed DbCommand (0ms) [Parameters=[@__courtIds_0='?' (Size = 3)], CommandType='Text', CommandTimeout='30']
      SELECT COALESCE(ef_sum("b"."TotalPrice"), '0.0')
      FROM "Bookings" AS "b"
      WHERE "b"."CourtId" IN (
          SELECT "c"."value"
          FROM json_each(@__courtIds_0) AS "c"
      ) AND "b"."Status" IN (1, 3)
info: Microsoft.EntityFrameworkCore.Database.Command[20101]
      Executed DbCommand (0ms) [Parameters=[@__CurrentUserId_0='?' (Size = 36)], CommandType='Text', CommandTimeout='30']
      SELECT COUNT(*)
      FROM "Courts" AS "c"
      WHERE "c"."OwnerId" = @__CurrentUserId_0 AND "c"."IsActive"
info: Microsoft.EntityFrameworkCore.Database.Command[20101]
      Executed DbCommand (0ms) [Parameters=[@__courtIds_0='?' (Size = 3)], CommandType='Text', CommandTimeout='30']
      SELECT COUNT(*)
      FROM "Bookings" AS "b"
      WHERE "b"."CourtId" IN (
          SELECT "c"."value"
          FROM json_each(@__courtIds_0) AS "c"
      ) AND "b"."Status" = 0 AND "b"."PaymentProofSubmittedAt" IS NOT NULL
info: Microsoft.EntityFrameworkCore.Database.Command[20101]
      Executed DbCommand (0ms) [Parameters=[@__courtIds_0='?' (Size = 3)], CommandType='Text', CommandTimeout='30']
      SELECT COUNT(*)
      FROM "OpenPlaySignups" AS "o"
      WHERE "o"."CourtId" IN (
          SELECT "c"."value"
          FROM json_each(@__courtIds_0) AS "c"
      ) AND "o"."Status" = 0 AND "o"."PaymentProofSubmittedAt" IS NOT NULL
info: Microsoft.EntityFrameworkCore.Database.Command[20101]
      Executed DbCommand (0ms) [Parameters=[@__CurrentUserId_0='?' (Size = 36)], CommandType='Text', CommandTimeout='30']
      SELECT COUNT(*)
      FROM "AddOnRentals" AS "a"
      WHERE "a"."OwnerId" = @__CurrentUserId_0 AND "a"."Status" = 0
info: Microsoft.EntityFrameworkCore.Database.Command[20101]
      Executed DbCommand (0ms) [Parameters=[@__CurrentUserId_0='?' (Size = 36)], CommandType='Text', CommandTimeout='30']
      SELECT "f"."Id", "f"."Address", "f"."BillingModel", "f"."BrandLogoUrl", "f"."BrandName", "f"."BrandTagline", "f"."CommissionBalanceOwed", "f"."CommissionPaymentProofPath", "f"."CommissionPaymentRef", "f"."CommissionPaymentSubmittedAt", "f"."CommissionRate", "f"."CommissionTotalPaid", "f"."DeactivatedAt", "f"."FacebookUrl", "f"."FacilityName", "f"."GCashName", "f"."GCashNumber", "f"."GCashQrCodePath", "f"."GoTymeName", "f"."GoTymeNumber", "f"."GoTymeQrCodePath", "f"."HouseRules", "f"."InstagramUrl", "f"."IsDeactivated", "f"."IsSubscribed", "f"."IsSuspended", "f"."LastExpiryReminderThreshold", "f"."MayaName", "f"."MayaNumber", "f"."MayaQrCodePath", "f"."OwnerId", "f"."PayMongoMethods", "f"."PayMongoSecretKey", "f"."PaymentInstructions", "f"."Slug", "f"."SubscriptionActivatedAt", "f"."SubscriptionExpiresAt", "f"."SubscriptionPaymentRef", "f"."SubscriptionPlan", "f"."SubscriptionProofPath", "f"."SubscriptionSubmittedAt", "f"."SuspendedAt", "f"."SuspendedReason", "f"."TrialStartedAt"
      FROM "FacilitySettings" AS "f"
      WHERE "f"."OwnerId" = @__CurrentUserId_0
      LIMIT 1
info: Microsoft.EntityFrameworkCore.Database.Command[20101]
      Executed DbCommand (1ms) [Parameters=[@__courtIds_0='?' (Size = 3), @__p_1='?' (DbType = Int32)], CommandType='Text', CommandTimeout='30']
      SELECT "b0"."Id", "b0"."BookingDate", "b0"."BundleGroupId", "b0"."CheckoutSessionId", "b0"."CommissionAmount", "b0"."CommissionPaid", "b0"."CourtBundleId", "b0"."CourtId", "b0"."CourtName", "b0"."CreatedAt", "b0"."CustomerName", "b0"."CustomerNameSnapshot", "b0"."DiscountAmount", "b0"."EndTime", "b0"."FacilityName", "b0"."GuestAccessToken", "b0"."LoggedByStaffId", "b0"."LoggedByStaffName", "b0"."Notes", "b0"."PaidAt", "b0"."PaymentMethod", "b0"."PaymentProofPath", "b0"."PaymentProofSubmittedAt", "b0"."PaymentReference", "b0"."PaymentStatus", "b0"."RefundAmount", "b0"."RefundReason", "b0"."RefundedAt", "b0"."ReservedUntil", "b0"."StartTime", "b0"."Status", "b0"."TotalPrice", "b0"."UserId", "b0"."VoucherCode", "b0"."VoucherId", "c0"."Id", "c0"."ClosingHour", "c0"."Description", "c0"."FacilityName", "c0"."ImageUrl", "c0"."IsActive", "c0"."IsIndoor", "c0"."Name", "c0"."OpeningHour", "c0"."OwnerId", "c0"."PricePerHour", "c0"."SportType", "a"."Id", "a"."AccessFailedCount", "a"."ConcurrencyStamp", "a"."CreatedAt", "a"."Email", "a"."EmailConfirmed", "a"."EmployerOwnerId", "a"."FirstName", "a"."IsGuest", "a"."LastName", "a"."LockoutEnabled", "a"."LockoutEnd", "a"."NormalizedEmail", "a"."NormalizedUserName", "a"."PasswordHash", "a"."PhoneNumber", "a"."PhoneNumberAlt", "a"."PhoneNumberConfirmed", "a"."PreferredFacilitySlug", "a"."PrivacyPolicyAcceptedAt", "a"."SecurityStamp", "a"."TwoFactorEnabled", "a"."UserName", "c1"."Id", "c1"."IsActive", "c1"."Name", "c1"."OwnerId", "s"."Id", "s"."AddOnItemId", "s"."BookingId", "s"."PricingType", "s"."Quantity", "s"."UnitPrice", "s"."Id0", "s"."IsActive", "s"."Name", "s"."OwnerId", "s"."Price", "s"."PricingType0"
      FROM (
          SELECT "b"."Id", "b"."BookingDate", "b"."BundleGroupId", "b"."CheckoutSessionId", "b"."CommissionAmount", "b"."CommissionPaid", "b"."CourtBundleId", "b"."CourtId", "b"."CourtName", "b"."CreatedAt", "b"."CustomerName", "b"."CustomerNameSnapshot", "b"."DiscountAmount", "b"."EndTime", "b"."FacilityName", "b"."GuestAccessToken", "b"."LoggedByStaffId", "b"."LoggedByStaffName", "b"."Notes", "b"."PaidAt", "b"."PaymentMethod", "b"."PaymentProofPath", "b"."PaymentProofSubmittedAt", "b"."PaymentReference", "b"."PaymentStatus", "b"."RefundAmount", "b"."RefundReason", "b"."RefundedAt", "b"."ReservedUntil", "b"."StartTime", "b"."Status", "b"."TotalPrice", "b"."UserId", "b"."VoucherCode", "b"."VoucherId"
          FROM "Bookings" AS "b"
          WHERE "b"."CourtId" IN (
              SELECT "c"."value"
              FROM json_each(@__courtIds_0) AS "c"
          )
          ORDER BY "b"."CreatedAt" DESC
          LIMIT @__p_1
      ) AS "b0"
      INNER JOIN "Courts" AS "c0" ON "b0"."CourtId" = "c0"."Id"
      INNER JOIN "AspNetUsers" AS "a" ON "b0"."UserId" = "a"."Id"
      LEFT JOIN "CourtBundles" AS "c1" ON "b0"."CourtBundleId" = "c1"."Id"
      LEFT JOIN (
          SELECT "b1"."Id", "b1"."AddOnItemId", "b1"."BookingId", "b1"."PricingType", "b1"."Quantity", "b1"."UnitPrice", "a0"."Id" AS "Id0", "a0"."IsActive", "a0"."Name", "a0"."OwnerId", "a0"."Price", "a0"."PricingType" AS "PricingType0"
          FROM "BookingAddOns" AS "b1"
          INNER JOIN "AddOnItems" AS "a0" ON "b1"."AddOnItemId" = "a0"."Id"
      ) AS "s" ON "b0"."Id" = "s"."BookingId"
      ORDER BY "b0"."CreatedAt" DESC, "b0"."Id", "c0"."Id", "a"."Id", "c1"."Id", "s"."Id"
info: Microsoft.EntityFrameworkCore.Database.Command[20101]
      Executed DbCommand (1ms) [Parameters=[@__courtIds_0='?' (Size = 3), @__p_1='?' (DbType = Int32)], CommandType='Text', CommandTimeout='30']
      SELECT "o0"."Id", "o0"."BookingDate", "o0"."CommissionAmount", "o0"."CourtId", "o0"."CourtName", "o0"."CreatedAt", "o0"."CustomerName", "o0"."CustomerNameSnapshot", "o0"."DiscountAmount", "o0"."EndHour", "o0"."FacilityName", "o0"."GuestAccessToken", "o0"."LoggedByStaffId", "o0"."LoggedByStaffName", "o0"."Notes", "o0"."PaidAt", "o0"."PaymentMethod", "o0"."PaymentProofPath", "o0"."PaymentProofSubmittedAt", "o0"."PaymentReference", "o0"."PaymentStatus", "o0"."PlayerNames", "o0"."PricePerHeadSnapshot", "o0"."RefundAmount", "o0"."RefundReason", "o0"."RefundedAt", "o0"."ReservedUntil", "o0"."SpotCount", "o0"."StartHour", "o0"."Status", "o0"."TotalPrice", "o0"."UserId", "o0"."VoucherCode", "o0"."VoucherId", "c0"."Id", "c0"."ClosingHour", "c0"."Description", "c0"."FacilityName", "c0"."ImageUrl", "c0"."IsActive", "c0"."IsIndoor", "c0"."Name", "c0"."OpeningHour", "c0"."OwnerId", "c0"."PricePerHour", "c0"."SportType", "a"."Id", "a"."AccessFailedCount", "a"."ConcurrencyStamp", "a"."CreatedAt", "a"."Email", "a"."EmailConfirmed", "a"."EmployerOwnerId", "a"."FirstName", "a"."IsGuest", "a"."LastName", "a"."LockoutEnabled", "a"."LockoutEnd", "a"."NormalizedEmail", "a"."NormalizedUserName", "a"."PasswordHash", "a"."PhoneNumber", "a"."PhoneNumberAlt", "a"."PhoneNumberConfirmed", "a"."PreferredFacilitySlug", "a"."PrivacyPolicyAcceptedAt", "a"."SecurityStamp", "a"."TwoFactorEnabled", "a"."UserName"
      FROM (
          SELECT "o"."Id", "o"."BookingDate", "o"."CommissionAmount", "o"."CourtId", "o"."CourtName", "o"."CreatedAt", "o"."CustomerName", "o"."CustomerNameSnapshot", "o"."DiscountAmount", "o"."EndHour", "o"."FacilityName", "o"."GuestAccessToken", "o"."LoggedByStaffId", "o"."LoggedByStaffName", "o"."Notes", "o"."PaidAt", "o"."PaymentMethod", "o"."PaymentProofPath", "o"."PaymentProofSubmittedAt", "o"."PaymentReference", "o"."PaymentStatus", "o"."PlayerNames", "o"."PricePerHeadSnapshot", "o"."RefundAmount", "o"."RefundReason", "o"."RefundedAt", "o"."ReservedUntil", "o"."SpotCount", "o"."StartHour", "o"."Status", "o"."TotalPrice", "o"."UserId", "o"."VoucherCode", "o"."VoucherId"
          FROM "OpenPlaySignups" AS "o"
          WHERE "o"."CourtId" IN (
              SELECT "c"."value"
              FROM json_each(@__courtIds_0) AS "c"
          )
          ORDER BY "o"."CreatedAt" DESC
          LIMIT @__p_1
      ) AS "o0"
      INNER JOIN "Courts" AS "c0" ON "o0"."CourtId" = "c0"."Id"
      INNER JOIN "AspNetUsers" AS "a" ON "o0"."UserId" = "a"."Id"
      ORDER BY "o0"."CreatedAt" DESC
info: Microsoft.EntityFrameworkCore.Database.Command[20101]
      Executed DbCommand (0ms) [Parameters=[@__staffIds_0='?' (Size = 79)], CommandType='Text', CommandTimeout='30']
      SELECT "a"."Id", "a"."AccessFailedCount", "a"."ConcurrencyStamp", "a"."CreatedAt", "a"."Email", "a"."EmailConfirmed", "a"."EmployerOwnerId", "a"."FirstName", "a"."IsGuest", "a"."LastName", "a"."LockoutEnabled", "a"."LockoutEnd", "a"."NormalizedEmail", "a"."NormalizedUserName", "a"."PasswordHash", "a"."PhoneNumber", "a"."PhoneNumberAlt", "a"."PhoneNumberConfirmed", "a"."PreferredFacilitySlug", "a"."PrivacyPolicyAcceptedAt", "a"."SecurityStamp", "a"."TwoFactorEnabled", "a"."UserName"
      FROM "AspNetUsers" AS "a"
      WHERE "a"."Id" IN (
          SELECT "s"."value"
          FROM json_each(@__staffIds_0) AS "s"
      )
info: Microsoft.EntityFrameworkCore.Database.Command[20101]
      Executed DbCommand (0ms) [Parameters=[@___uid_0='?' (Size = 36)], CommandType='Text', CommandTimeout='30']
      SELECT "f"."Id", "f"."Address", "f"."BillingModel", "f"."BrandLogoUrl", "f"."BrandName", "f"."BrandTagline", "f"."CommissionBalanceOwed", "f"."CommissionPaymentProofPath", "f"."CommissionPaymentRef", "f"."CommissionPaymentSubmittedAt", "f"."CommissionRate", "f"."CommissionTotalPaid", "f"."DeactivatedAt", "f"."FacebookUrl", "f"."FacilityName", "f"."GCashName", "f"."GCashNumber", "f"."GCashQrCodePath", "f"."GoTymeName", "f"."GoTymeNumber", "f"."GoTymeQrCodePath", "f"."HouseRules", "f"."InstagramUrl", "f"."IsDeactivated", "f"."IsSubscribed", "f"."IsSuspended", "f"."LastExpiryReminderThreshold", "f"."MayaName", "f"."MayaNumber", "f"."MayaQrCodePath", "f"."OwnerId", "f"."PayMongoMethods", "f"."PayMongoSecretKey", "f"."PaymentInstructions", "f"."Slug", "f"."SubscriptionActivatedAt", "f"."SubscriptionExpiresAt", "f"."SubscriptionPaymentRef", "f"."SubscriptionPlan", "f"."SubscriptionProofPath", "f"."SubscriptionSubmittedAt", "f"."SuspendedAt", "f"."SuspendedReason", "f"."TrialStartedAt"
      FROM "FacilitySettings" AS "f"
      WHERE "f"."OwnerId" = @___uid_0
      LIMIT 1
info: Microsoft.EntityFrameworkCore.Database.Command[20101]
      Executed DbCommand (0ms) [Parameters=[], CommandType='Text', CommandTimeout='30']
      SELECT "p"."LogoData", "p"."LogoContentType"
      FROM "PlatformConfig" AS "p"
      LIMIT 1
info: Microsoft.EntityFrameworkCore.Database.Command[20101]
      Executed DbCommand (0ms) [Parameters=[@__CurrentUserId_0='?' (Size = 36)], CommandType='Text', CommandTimeout='30']
      SELECT "c"."Id"
      FROM "Courts" AS "c"
      WHERE "c"."OwnerId" = @__CurrentUserId_0
info: Microsoft.EntityFrameworkCore.Database.Command[20101]
      Executed DbCommand (1ms) [Parameters=[@__courtIds_0='?' (Size = 3), @__dateFrom_Value_1='?' (DbType = Date), @__dateTo_Value_2='?' (DbType = Date)], CommandType='Text', CommandTimeout='30']
      SELECT "b"."Id", "b"."BookingDate", "b"."BundleGroupId", "b"."CheckoutSessionId", "b"."CommissionAmount", "b"."CommissionPaid", "b"."CourtBundleId", "b"."CourtId", "b"."CourtName", "b"."CreatedAt", "b"."CustomerName", "b"."CustomerNameSnapshot", "b"."DiscountAmount", "b"."EndTime", "b"."FacilityName", "b"."GuestAccessToken", "b"."LoggedByStaffId", "b"."LoggedByStaffName", "b"."Notes", "b"."PaidAt", "b"."PaymentMethod", "b"."PaymentProofPath", "b"."PaymentProofSubmittedAt", "b"."PaymentReference", "b"."PaymentStatus", "b"."RefundAmount", "b"."RefundReason", "b"."RefundedAt", "b"."ReservedUntil", "b"."StartTime", "b"."Status", "b"."TotalPrice", "b"."UserId", "b"."VoucherCode", "b"."VoucherId", "c0"."Id", "c0"."ClosingHour", "c0"."Description", "c0"."FacilityName", "c0"."ImageUrl", "c0"."IsActive", "c0"."IsIndoor", "c0"."Name", "c0"."OpeningHour", "c0"."OwnerId", "c0"."PricePerHour", "c0"."SportType", "a"."Id", "a"."AccessFailedCount", "a"."ConcurrencyStamp", "a"."CreatedAt", "a"."Email", "a"."EmailConfirmed", "a"."EmployerOwnerId", "a"."FirstName", "a"."IsGuest", "a"."LastName", "a"."LockoutEnabled", "a"."LockoutEnd", "a"."NormalizedEmail", "a"."NormalizedUserName", "a"."PasswordHash", "a"."PhoneNumber", "a"."PhoneNumberAlt", "a"."PhoneNumberConfirmed", "a"."PreferredFacilitySlug", "a"."PrivacyPolicyAcceptedAt", "a"."SecurityStamp", "a"."TwoFactorEnabled", "a"."UserName", "c1"."Id", "c1"."IsActive", "c1"."Name", "c1"."OwnerId", "s"."Id", "s"."AddOnItemId", "s"."BookingId", "s"."PricingType", "s"."Quantity", "s"."UnitPrice", "s"."Id0", "s"."IsActive", "s"."Name", "s"."OwnerId", "s"."Price", "s"."PricingType0"
      FROM "Bookings" AS "b"
      INNER JOIN "Courts" AS "c0" ON "b"."CourtId" = "c0"."Id"
      INNER JOIN "AspNetUsers" AS "a" ON "b"."UserId" = "a"."Id"
      LEFT JOIN "CourtBundles" AS "c1" ON "b"."CourtBundleId" = "c1"."Id"
      LEFT JOIN (
          SELECT "b0"."Id", "b0"."AddOnItemId", "b0"."BookingId", "b0"."PricingType", "b0"."Quantity", "b0"."UnitPrice", "a0"."Id" AS "Id0", "a0"."IsActive", "a0"."Name", "a0"."OwnerId", "a0"."Price", "a0"."PricingType" AS "PricingType0"
          FROM "BookingAddOns" AS "b0"
          INNER JOIN "AddOnItems" AS "a0" ON "b0"."AddOnItemId" = "a0"."Id"
      ) AS "s" ON "b"."Id" = "s"."BookingId"
      WHERE "b"."CourtId" IN (
          SELECT "c"."value"
          FROM json_each(@__courtIds_0) AS "c"
      ) AND "b"."BookingDate" >= @__dateFrom_Value_1 AND "b"."BookingDate" <= @__dateTo_Value_2
      ORDER BY COALESCE("b"."PaymentProofSubmittedAt", "b"."CreatedAt") DESC, "b"."Id", "c0"."Id", "a"."Id", "c1"."Id", "s"."Id"
info: Microsoft.EntityFrameworkCore.Database.Command[20101]
      Executed DbCommand (0ms) [Parameters=[@__courtIds_0='?' (Size = 3), @__dateFrom_Value_1='?' (DbType = Date), @__dateTo_Value_2='?' (DbType = Date)], CommandType='Text', CommandTimeout='30']
      SELECT "o"."Id", "o"."BookingDate", "o"."CommissionAmount", "o"."CourtId", "o"."CourtName", "o"."CreatedAt", "o"."CustomerName", "o"."CustomerNameSnapshot", "o"."DiscountAmount", "o"."EndHour", "o"."FacilityName", "o"."GuestAccessToken", "o"."LoggedByStaffId", "o"."LoggedByStaffName", "o"."Notes", "o"."PaidAt", "o"."PaymentMethod", "o"."PaymentProofPath", "o"."PaymentProofSubmittedAt", "o"."PaymentReference", "o"."PaymentStatus", "o"."PlayerNames", "o"."PricePerHeadSnapshot", "o"."RefundAmount", "o"."RefundReason", "o"."RefundedAt", "o"."ReservedUntil", "o"."SpotCount", "o"."StartHour", "o"."Status", "o"."TotalPrice", "o"."UserId", "o"."VoucherCode", "o"."VoucherId", "c0"."Id", "c0"."ClosingHour", "c0"."Description", "c0"."FacilityName", "c0"."ImageUrl", "c0"."IsActive", "c0"."IsIndoor", "c0"."Name", "c0"."OpeningHour", "c0"."OwnerId", "c0"."PricePerHour", "c0"."SportType", "a"."Id", "a"."AccessFailedCount", "a"."ConcurrencyStamp", "a"."CreatedAt", "a"."Email", "a"."EmailConfirmed", "a"."EmployerOwnerId", "a"."FirstName", "a"."IsGuest", "a"."LastName", "a"."LockoutEnabled", "a"."LockoutEnd", "a"."NormalizedEmail", "a"."NormalizedUserName", "a"."PasswordHash", "a"."PhoneNumber", "a"."PhoneNumberAlt", "a"."PhoneNumberConfirmed", "a"."PreferredFacilitySlug", "a"."PrivacyPolicyAcceptedAt", "a"."SecurityStamp", "a"."TwoFactorEnabled", "a"."UserName"
      FROM "OpenPlaySignups" AS "o"
      INNER JOIN "Courts" AS "c0" ON "o"."CourtId" = "c0"."Id"
      INNER JOIN "AspNetUsers" AS "a" ON "o"."UserId" = "a"."Id"
      WHERE "o"."CourtId" IN (
          SELECT "c"."value"
          FROM json_each(@__courtIds_0) AS "c"
      ) AND "o"."BookingDate" >= @__dateFrom_Value_1 AND "o"."BookingDate" <= @__dateTo_Value_2
info: Microsoft.EntityFrameworkCore.Database.Command[20101]
      Executed DbCommand (0ms) [Parameters=[@__staffIds_0='?' (Size = 79)], CommandType='Text', CommandTimeout='30']
      SELECT "a"."Id", "a"."AccessFailedCount", "a"."ConcurrencyStamp", "a"."CreatedAt", "a"."Email", "a"."EmailConfirmed", "a"."EmployerOwnerId", "a"."FirstName", "a"."IsGuest", "a"."LastName", "a"."LockoutEnabled", "a"."LockoutEnd", "a"."NormalizedEmail", "a"."NormalizedUserName", "a"."PasswordHash", "a"."PhoneNumber", "a"."PhoneNumberAlt", "a"."PhoneNumberConfirmed", "a"."PreferredFacilitySlug", "a"."PrivacyPolicyAcceptedAt", "a"."SecurityStamp", "a"."TwoFactorEnabled", "a"."UserName"
      FROM "AspNetUsers" AS "a"
      WHERE "a"."Id" IN (
          SELECT "s"."value"
          FROM json_each(@__staffIds_0) AS "s"
      )
info: Microsoft.EntityFrameworkCore.Database.Command[20101]
      Executed DbCommand (0ms) [Parameters=[@__CurrentUserId_0='?' (Size = 36)], CommandType='Text', CommandTimeout='30']
      SELECT "a"."Id", "a"."AccessFailedCount", "a"."ConcurrencyStamp", "a"."CreatedAt", "a"."Email", "a"."EmailConfirmed", "a"."EmployerOwnerId", "a"."FirstName", "a"."IsGuest", "a"."LastName", "a"."LockoutEnabled", "a"."LockoutEnd", "a"."NormalizedEmail", "a"."NormalizedUserName", "a"."PasswordHash", "a"."PhoneNumber", "a"."PhoneNumberAlt", "a"."PhoneNumberConfirmed", "a"."PreferredFacilitySlug", "a"."PrivacyPolicyAcceptedAt", "a"."SecurityStamp", "a"."TwoFactorEnabled", "a"."UserName"
      FROM "AspNetUsers" AS "a"
      WHERE "a"."EmployerOwnerId" = @__CurrentUserId_0
info: Microsoft.EntityFrameworkCore.Database.Command[20101]
      Executed DbCommand (0ms) [Parameters=[@__courtIds_0='?' (Size = 3)], CommandType='Text', CommandTimeout='30']
      SELECT COUNT(*)
      FROM "Bookings" AS "b"
      WHERE "b"."CourtId" IN (
          SELECT "c"."value"
          FROM json_each(@__courtIds_0) AS "c"
      ) AND "b"."Status" = 0 AND "b"."PaymentStatus" = 0 AND "b"."PaymentProofSubmittedAt" IS NOT NULL
info: Microsoft.EntityFrameworkCore.Database.Command[20101]
      Executed DbCommand (0ms) [Parameters=[@__courtIds_0='?' (Size = 3)], CommandType='Text', CommandTimeout='30']
      SELECT COUNT(*)
      FROM "OpenPlaySignups" AS "o"
      WHERE "o"."CourtId" IN (
          SELECT "c"."value"
          FROM json_each(@__courtIds_0) AS "c"
      ) AND "o"."Status" = 0 AND "o"."PaymentStatus" = 0 AND "o"."PaymentProofSubmittedAt" IS NOT NULL
info: Microsoft.EntityFrameworkCore.Database.Command[20101]
      Executed DbCommand (0ms) [Parameters=[@__ownerId_0='?' (Size = 36)], CommandType='Text', CommandTimeout='30']
      SELECT "f"."Id", "f"."Address", "f"."BillingModel", "f"."BrandLogoUrl", "f"."BrandName", "f"."BrandTagline", "f"."CommissionBalanceOwed", "f"."CommissionPaymentProofPath", "f"."CommissionPaymentRef", "f"."CommissionPaymentSubmittedAt", "f"."CommissionRate", "f"."CommissionTotalPaid", "f"."DeactivatedAt", "f"."FacebookUrl", "f"."FacilityName", "f"."GCashName", "f"."GCashNumber", "f"."GCashQrCodePath", "f"."GoTymeName", "f"."GoTymeNumber", "f"."GoTymeQrCodePath", "f"."HouseRules", "f"."InstagramUrl", "f"."IsDeactivated", "f"."IsSubscribed", "f"."IsSuspended", "f"."LastExpiryReminderThreshold", "f"."MayaName", "f"."MayaNumber", "f"."MayaQrCodePath", "f"."OwnerId", "f"."PayMongoMethods", "f"."PayMongoSecretKey", "f"."PaymentInstructions", "f"."Slug", "f"."SubscriptionActivatedAt", "f"."SubscriptionExpiresAt", "f"."SubscriptionPaymentRef", "f"."SubscriptionPlan", "f"."SubscriptionProofPath", "f"."SubscriptionSubmittedAt", "f"."SuspendedAt", "f"."SuspendedReason", "f"."TrialStartedAt"
      FROM "FacilitySettings" AS "f"
      WHERE "f"."OwnerId" = @__ownerId_0
      LIMIT 1
info: Microsoft.EntityFrameworkCore.Database.Command[20101]
      Executed DbCommand (0ms) [Parameters=[@__CurrentUserId_0='?' (Size = 36)], CommandType='Text', CommandTimeout='30']
      SELECT "c"."Id", "c"."Name"
      FROM "Courts" AS "c"
      WHERE "c"."OwnerId" = @__CurrentUserId_0 AND "c"."IsActive"
      ORDER BY "c"."Name"
info: Microsoft.EntityFrameworkCore.Database.Command[20101]
      Executed DbCommand (0ms) [Parameters=[@___uid_0='?' (Size = 36)], CommandType='Text', CommandTimeout='30']
      SELECT "f"."Id", "f"."Address", "f"."BillingModel", "f"."BrandLogoUrl", "f"."BrandName", "f"."BrandTagline", "f"."CommissionBalanceOwed", "f"."CommissionPaymentProofPath", "f"."CommissionPaymentRef", "f"."CommissionPaymentSubmittedAt", "f"."CommissionRate", "f"."CommissionTotalPaid", "f"."DeactivatedAt", "f"."FacebookUrl", "f"."FacilityName", "f"."GCashName", "f"."GCashNumber", "f"."GCashQrCodePath", "f"."GoTymeName", "f"."GoTymeNumber", "f"."GoTymeQrCodePath", "f"."HouseRules", "f"."InstagramUrl", "f"."IsDeactivated", "f"."IsSubscribed", "f"."IsSuspended", "f"."LastExpiryReminderThreshold", "f"."MayaName", "f"."MayaNumber", "f"."MayaQrCodePath", "f"."OwnerId", "f"."PayMongoMethods", "f"."PayMongoSecretKey", "f"."PaymentInstructions", "f"."Slug", "f"."SubscriptionActivatedAt", "f"."SubscriptionExpiresAt", "f"."SubscriptionPaymentRef", "f"."SubscriptionPlan", "f"."SubscriptionProofPath", "f"."SubscriptionSubmittedAt", "f"."SuspendedAt", "f"."SuspendedReason", "f"."TrialStartedAt"
      FROM "FacilitySettings" AS "f"
      WHERE "f"."OwnerId" = @___uid_0
      LIMIT 1
info: Microsoft.EntityFrameworkCore.Database.Command[20101]
      Executed DbCommand (0ms) [Parameters=[], CommandType='Text', CommandTimeout='30']
      SELECT "p"."LogoData", "p"."LogoContentType"
      FROM "PlatformConfig" AS "p"
      LIMIT 1
info: Microsoft.EntityFrameworkCore.Database.Command[20101]
      Executed DbCommand (0ms) [Parameters=[@__CurrentUserId_0='?' (Size = 36)], CommandType='Text', CommandTimeout='30']
      SELECT "c"."Id"
      FROM "Courts" AS "c"
      WHERE "c"."OwnerId" = @__CurrentUserId_0
info: Microsoft.EntityFrameworkCore.Database.Command[20101]
      Executed DbCommand (0ms) [Parameters=[@__id_0='?' (DbType = Int32), @__courtIds_1='?' (Size = 3)], CommandType='Text', CommandTimeout='30']
      SELECT "b"."Id", "b"."BookingDate", "b"."BundleGroupId", "b"."CheckoutSessionId", "b"."CommissionAmount", "b"."CommissionPaid", "b"."CourtBundleId", "b"."CourtId", "b"."CourtName", "b"."CreatedAt", "b"."CustomerName", "b"."CustomerNameSnapshot", "b"."DiscountAmount", "b"."EndTime", "b"."FacilityName", "b"."GuestAccessToken", "b"."LoggedByStaffId", "b"."LoggedByStaffName", "b"."Notes", "b"."PaidAt", "b"."PaymentMethod", "b"."PaymentProofPath", "b"."PaymentProofSubmittedAt", "b"."PaymentReference", "b"."PaymentStatus", "b"."RefundAmount", "b"."RefundReason", "b"."RefundedAt", "b"."ReservedUntil", "b"."StartTime", "b"."Status", "b"."TotalPrice", "b"."UserId", "b"."VoucherCode", "b"."VoucherId"
      FROM "Bookings" AS "b"
      WHERE "b"."Id" = @__id_0 AND "b"."CourtId" IN (
          SELECT "c"."value"
          FROM json_each(@__courtIds_1) AS "c"
      )
      LIMIT 1
info: Microsoft.EntityFrameworkCore.Database.Command[20101]
      Executed DbCommand (1ms) [Parameters=[@p4='?' (DbType = Int32), @p0='?' (DbType = Int32), @p1='?' (DbType = Decimal), @p2='?' (Size = 36), @p3='?' (DbType = DateTime)], CommandType='Text', CommandTimeout='30']
      UPDATE "Bookings" SET "PaymentStatus" = @p0, "RefundAmount" = @p1, "RefundReason" = @p2, "RefundedAt" = @p3
      WHERE "Id" = @p4
      RETURNING 1;
warn: CourtBooking.Controllers.AdminController[0]
      [Bookings] Booking #29 refunded: 100.00 (reason: Partial refund test - 1hr rained out) by admin.qa.20260803@example.com (Id=2190c0b7-fe1f-462b-a887-5d321c47b1a7) at 2026-09-03T08:37:42.8746084Z
info: Microsoft.EntityFrameworkCore.Database.Command[20101]
      Executed DbCommand (0ms) [Parameters=[], CommandType='Text', CommandTimeout='30']
      SELECT "b"."Id", "b"."BookingDate", "b"."BundleGroupId", "b"."CheckoutSessionId", "b"."CommissionAmount", "b"."CommissionPaid", "b"."CourtBundleId", "b"."CourtId", "b"."CourtName", "b"."CreatedAt", "b"."CustomerName", "b"."CustomerNameSnapshot", "b"."DiscountAmount", "b"."EndTime", "b"."FacilityName", "b"."GuestAccessToken", "b"."LoggedByStaffId", "b"."LoggedByStaffName", "b"."Notes", "b"."PaidAt", "b"."PaymentMethod", "b"."PaymentProofPath", "b"."PaymentProofSubmittedAt", "b"."PaymentReference", "b"."PaymentStatus", "b"."RefundAmount", "b"."RefundReason", "b"."RefundedAt", "b"."ReservedUntil", "b"."StartTime", "b"."Status", "b"."TotalPrice", "b"."UserId", "b"."VoucherCode", "b"."VoucherId"
      FROM "Bookings" AS "b"
      WHERE "b"."Status" = 0 AND "b"."ReservedUntil" IS NOT NULL
info: Microsoft.EntityFrameworkCore.Database.Command[20101]
      Executed DbCommand (0ms) [Parameters=[], CommandType='Text', CommandTimeout='30']
      SELECT "o"."Id", "o"."BookingDate", "o"."CommissionAmount", "o"."CourtId", "o"."CourtName", "o"."CreatedAt", "o"."CustomerName", "o"."CustomerNameSnapshot", "o"."DiscountAmount", "o"."EndHour", "o"."FacilityName", "o"."GuestAccessToken", "o"."LoggedByStaffId", "o"."LoggedByStaffName", "o"."Notes", "o"."PaidAt", "o"."PaymentMethod", "o"."PaymentProofPath", "o"."PaymentProofSubmittedAt", "o"."PaymentReference", "o"."PaymentStatus", "o"."PlayerNames", "o"."PricePerHeadSnapshot", "o"."RefundAmount", "o"."RefundReason", "o"."RefundedAt", "o"."ReservedUntil", "o"."SpotCount", "o"."StartHour", "o"."Status", "o"."TotalPrice", "o"."UserId", "o"."VoucherCode", "o"."VoucherId"
      FROM "OpenPlaySignups" AS "o"
      WHERE "o"."Status" = 0 AND "o"."ReservedUntil" IS NOT NULL
info: Microsoft.EntityFrameworkCore.Database.Command[20101]
      Executed DbCommand (0ms) [Parameters=[@__CurrentUserId_0='?' (Size = 36)], CommandType='Text', CommandTimeout='30']
      SELECT "c"."Id"
      FROM "Courts" AS "c"
      WHERE "c"."OwnerId" = @__CurrentUserId_0
info: Microsoft.EntityFrameworkCore.Database.Command[20101]
      Executed DbCommand (1ms) [Parameters=[@__courtIds_0='?' (Size = 3), @__s_1='?' (DbType = Int32), @__dateFrom_Value_2='?' (DbType = Date), @__dateTo_Value_3='?' (DbType = Date)], CommandType='Text', CommandTimeout='30']
      SELECT "b"."Id", "b"."BookingDate", "b"."BundleGroupId", "b"."CheckoutSessionId", "b"."CommissionAmount", "b"."CommissionPaid", "b"."CourtBundleId", "b"."CourtId", "b"."CourtName", "b"."CreatedAt", "b"."CustomerName", "b"."CustomerNameSnapshot", "b"."DiscountAmount", "b"."EndTime", "b"."FacilityName", "b"."GuestAccessToken", "b"."LoggedByStaffId", "b"."LoggedByStaffName", "b"."Notes", "b"."PaidAt", "b"."PaymentMethod", "b"."PaymentProofPath", "b"."PaymentProofSubmittedAt", "b"."PaymentReference", "b"."PaymentStatus", "b"."RefundAmount", "b"."RefundReason", "b"."RefundedAt", "b"."ReservedUntil", "b"."StartTime", "b"."Status", "b"."TotalPrice", "b"."UserId", "b"."VoucherCode", "b"."VoucherId", "c0"."Id", "c0"."ClosingHour", "c0"."Description", "c0"."FacilityName", "c0"."ImageUrl", "c0"."IsActive", "c0"."IsIndoor", "c0"."Name", "c0"."OpeningHour", "c0"."OwnerId", "c0"."PricePerHour", "c0"."SportType", "a"."Id", "a"."AccessFailedCount", "a"."ConcurrencyStamp", "a"."CreatedAt", "a"."Email", "a"."EmailConfirmed", "a"."EmployerOwnerId", "a"."FirstName", "a"."IsGuest", "a"."LastName", "a"."LockoutEnabled", "a"."LockoutEnd", "a"."NormalizedEmail", "a"."NormalizedUserName", "a"."PasswordHash", "a"."PhoneNumber", "a"."PhoneNumberAlt", "a"."PhoneNumberConfirmed", "a"."PreferredFacilitySlug", "a"."PrivacyPolicyAcceptedAt", "a"."SecurityStamp", "a"."TwoFactorEnabled", "a"."UserName", "c1"."Id", "c1"."IsActive", "c1"."Name", "c1"."OwnerId", "s"."Id", "s"."AddOnItemId", "s"."BookingId", "s"."PricingType", "s"."Quantity", "s"."UnitPrice", "s"."Id0", "s"."IsActive", "s"."Name", "s"."OwnerId", "s"."Price", "s"."PricingType0"
      FROM "Bookings" AS "b"
      INNER JOIN "Courts" AS "c0" ON "b"."CourtId" = "c0"."Id"
      INNER JOIN "AspNetUsers" AS "a" ON "b"."UserId" = "a"."Id"
      LEFT JOIN "CourtBundles" AS "c1" ON "b"."CourtBundleId" = "c1"."Id"
      LEFT JOIN (
          SELECT "b0"."Id", "b0"."AddOnItemId", "b0"."BookingId", "b0"."PricingType", "b0"."Quantity", "b0"."UnitPrice", "a0"."Id" AS "Id0", "a0"."IsActive", "a0"."Name", "a0"."OwnerId", "a0"."Price", "a0"."PricingType" AS "PricingType0"
          FROM "BookingAddOns" AS "b0"
          INNER JOIN "AddOnItems" AS "a0" ON "b0"."AddOnItemId" = "a0"."Id"
      ) AS "s" ON "b"."Id" = "s"."BookingId"
      WHERE "b"."CourtId" IN (
          SELECT "c"."value"
          FROM json_each(@__courtIds_0) AS "c"
      ) AND "b"."Status" = @__s_1 AND "b"."BookingDate" >= @__dateFrom_Value_2 AND "b"."BookingDate" <= @__dateTo_Value_3
      ORDER BY COALESCE("b"."PaymentProofSubmittedAt", "b"."CreatedAt") DESC, "b"."Id", "c0"."Id", "a"."Id", "c1"."Id", "s"."Id"
info: Microsoft.EntityFrameworkCore.Database.Command[20101]
      Executed DbCommand (0ms) [Parameters=[@__courtIds_0='?' (Size = 3), @__signupStatus_1='?' (DbType = Int32), @__dateFrom_Value_2='?' (DbType = Date), @__dateTo_Value_3='?' (DbType = Date)], CommandType='Text', CommandTimeout='30']
      SELECT "o"."Id", "o"."BookingDate", "o"."CommissionAmount", "o"."CourtId", "o"."CourtName", "o"."CreatedAt", "o"."CustomerName", "o"."CustomerNameSnapshot", "o"."DiscountAmount", "o"."EndHour", "o"."FacilityName", "o"."GuestAccessToken", "o"."LoggedByStaffId", "o"."LoggedByStaffName", "o"."Notes", "o"."PaidAt", "o"."PaymentMethod", "o"."PaymentProofPath", "o"."PaymentProofSubmittedAt", "o"."PaymentReference", "o"."PaymentStatus", "o"."PlayerNames", "o"."PricePerHeadSnapshot", "o"."RefundAmount", "o"."RefundReason", "o"."RefundedAt", "o"."ReservedUntil", "o"."SpotCount", "o"."StartHour", "o"."Status", "o"."TotalPrice", "o"."UserId", "o"."VoucherCode", "o"."VoucherId", "c0"."Id", "c0"."ClosingHour", "c0"."Description", "c0"."FacilityName", "c0"."ImageUrl", "c0"."IsActive", "c0"."IsIndoor", "c0"."Name", "c0"."OpeningHour", "c0"."OwnerId", "c0"."PricePerHour", "c0"."SportType", "a"."Id", "a"."AccessFailedCount", "a"."ConcurrencyStamp", "a"."CreatedAt", "a"."Email", "a"."EmailConfirmed", "a"."EmployerOwnerId", "a"."FirstName", "a"."IsGuest", "a"."LastName", "a"."LockoutEnabled", "a"."LockoutEnd", "a"."NormalizedEmail", "a"."NormalizedUserName", "a"."PasswordHash", "a"."PhoneNumber", "a"."PhoneNumberAlt", "a"."PhoneNumberConfirmed", "a"."PreferredFacilitySlug", "a"."PrivacyPolicyAcceptedAt", "a"."SecurityStamp", "a"."TwoFactorEnabled", "a"."UserName"
      FROM "OpenPlaySignups" AS "o"
      INNER JOIN "Courts" AS "c0" ON "o"."CourtId" = "c0"."Id"
      INNER JOIN "AspNetUsers" AS "a" ON "o"."UserId" = "a"."Id"
      WHERE "o"."CourtId" IN (
          SELECT "c"."value"
          FROM json_each(@__courtIds_0) AS "c"
      ) AND "o"."Status" = @__signupStatus_1 AND "o"."BookingDate" >= @__dateFrom_Value_2 AND "o"."BookingDate" <= @__dateTo_Value_3
info: Microsoft.EntityFrameworkCore.Database.Command[20101]
      Executed DbCommand (0ms) [Parameters=[@__staffIds_0='?' (Size = 40)], CommandType='Text', CommandTimeout='30']
      SELECT "a"."Id", "a"."AccessFailedCount", "a"."ConcurrencyStamp", "a"."CreatedAt", "a"."Email", "a"."EmailConfirmed", "a"."EmployerOwnerId", "a"."FirstName", "a"."IsGuest", "a"."LastName", "a"."LockoutEnabled", "a"."LockoutEnd", "a"."NormalizedEmail", "a"."NormalizedUserName", "a"."PasswordHash", "a"."PhoneNumber", "a"."PhoneNumberAlt", "a"."PhoneNumberConfirmed", "a"."PreferredFacilitySlug", "a"."PrivacyPolicyAcceptedAt", "a"."SecurityStamp", "a"."TwoFactorEnabled", "a"."UserName"
      FROM "AspNetUsers" AS "a"
      WHERE "a"."Id" IN (
          SELECT "s"."value"
          FROM json_each(@__staffIds_0) AS "s"
      )
info: Microsoft.EntityFrameworkCore.Database.Command[20101]
      Executed DbCommand (0ms) [Parameters=[@__CurrentUserId_0='?' (Size = 36)], CommandType='Text', CommandTimeout='30']
      SELECT "a"."Id", "a"."AccessFailedCount", "a"."ConcurrencyStamp", "a"."CreatedAt", "a"."Email", "a"."EmailConfirmed", "a"."EmployerOwnerId", "a"."FirstName", "a"."IsGuest", "a"."LastName", "a"."LockoutEnabled", "a"."LockoutEnd", "a"."NormalizedEmail", "a"."NormalizedUserName", "a"."PasswordHash", "a"."PhoneNumber", "a"."PhoneNumberAlt", "a"."PhoneNumberConfirmed", "a"."PreferredFacilitySlug", "a"."PrivacyPolicyAcceptedAt", "a"."SecurityStamp", "a"."TwoFactorEnabled", "a"."UserName"
      FROM "AspNetUsers" AS "a"
      WHERE "a"."EmployerOwnerId" = @__CurrentUserId_0
info: Microsoft.EntityFrameworkCore.Database.Command[20101]
      Executed DbCommand (0ms) [Parameters=[@__courtIds_0='?' (Size = 3)], CommandType='Text', CommandTimeout='30']
      SELECT COUNT(*)
      FROM "Bookings" AS "b"
      WHERE "b"."CourtId" IN (
          SELECT "c"."value"
          FROM json_each(@__courtIds_0) AS "c"
      ) AND "b"."Status" = 0 AND "b"."PaymentStatus" = 0 AND "b"."PaymentProofSubmittedAt" IS NOT NULL
info: Microsoft.EntityFrameworkCore.Database.Command[20101]
      Executed DbCommand (0ms) [Parameters=[@__courtIds_0='?' (Size = 3)], CommandType='Text', CommandTimeout='30']
      SELECT COUNT(*)
      FROM "OpenPlaySignups" AS "o"
      WHERE "o"."CourtId" IN (
          SELECT "c"."value"
          FROM json_each(@__courtIds_0) AS "c"
      ) AND "o"."Status" = 0 AND "o"."PaymentStatus" = 0 AND "o"."PaymentProofSubmittedAt" IS NOT NULL
info: Microsoft.EntityFrameworkCore.Database.Command[20101]
      Executed DbCommand (0ms) [Parameters=[@__ownerId_0='?' (Size = 36)], CommandType='Text', CommandTimeout='30']
      SELECT "f"."Id", "f"."Address", "f"."BillingModel", "f"."BrandLogoUrl", "f"."BrandName", "f"."BrandTagline", "f"."CommissionBalanceOwed", "f"."CommissionPaymentProofPath", "f"."CommissionPaymentRef", "f"."CommissionPaymentSubmittedAt", "f"."CommissionRate", "f"."CommissionTotalPaid", "f"."DeactivatedAt", "f"."FacebookUrl", "f"."FacilityName", "f"."GCashName", "f"."GCashNumber", "f"."GCashQrCodePath", "f"."GoTymeName", "f"."GoTymeNumber", "f"."GoTymeQrCodePath", "f"."HouseRules", "f"."InstagramUrl", "f"."IsDeactivated", "f"."IsSubscribed", "f"."IsSuspended", "f"."LastExpiryReminderThreshold", "f"."MayaName", "f"."MayaNumber", "f"."MayaQrCodePath", "f"."OwnerId", "f"."PayMongoMethods", "f"."PayMongoSecretKey", "f"."PaymentInstructions", "f"."Slug", "f"."SubscriptionActivatedAt", "f"."SubscriptionExpiresAt", "f"."SubscriptionPaymentRef", "f"."SubscriptionPlan", "f"."SubscriptionProofPath", "f"."SubscriptionSubmittedAt", "f"."SuspendedAt", "f"."SuspendedReason", "f"."TrialStartedAt"
      FROM "FacilitySettings" AS "f"
      WHERE "f"."OwnerId" = @__ownerId_0
      LIMIT 1
info: Microsoft.EntityFrameworkCore.Database.Command[20101]
      Executed DbCommand (0ms) [Parameters=[@__CurrentUserId_0='?' (Size = 36)], CommandType='Text', CommandTimeout='30']
      SELECT "c"."Id", "c"."Name"
      FROM "Courts" AS "c"
      WHERE "c"."OwnerId" = @__CurrentUserId_0 AND "c"."IsActive"
      ORDER BY "c"."Name"
info: Microsoft.EntityFrameworkCore.Database.Command[20101]
      Executed DbCommand (0ms) [Parameters=[@___uid_0='?' (Size = 36)], CommandType='Text', CommandTimeout='30']
      SELECT "f"."Id", "f"."Address", "f"."BillingModel", "f"."BrandLogoUrl", "f"."BrandName", "f"."BrandTagline", "f"."CommissionBalanceOwed", "f"."CommissionPaymentProofPath", "f"."CommissionPaymentRef", "f"."CommissionPaymentSubmittedAt", "f"."CommissionRate", "f"."CommissionTotalPaid", "f"."DeactivatedAt", "f"."FacebookUrl", "f"."FacilityName", "f"."GCashName", "f"."GCashNumber", "f"."GCashQrCodePath", "f"."GoTymeName", "f"."GoTymeNumber", "f"."GoTymeQrCodePath", "f"."HouseRules", "f"."InstagramUrl", "f"."IsDeactivated", "f"."IsSubscribed", "f"."IsSuspended", "f"."LastExpiryReminderThreshold", "f"."MayaName", "f"."MayaNumber", "f"."MayaQrCodePath", "f"."OwnerId", "f"."PayMongoMethods", "f"."PayMongoSecretKey", "f"."PaymentInstructions", "f"."Slug", "f"."SubscriptionActivatedAt", "f"."SubscriptionExpiresAt", "f"."SubscriptionPaymentRef", "f"."SubscriptionPlan", "f"."SubscriptionProofPath", "f"."SubscriptionSubmittedAt", "f"."SuspendedAt", "f"."SuspendedReason", "f"."TrialStartedAt"
      FROM "FacilitySettings" AS "f"
      WHERE "f"."OwnerId" = @___uid_0
      LIMIT 1
info: Microsoft.EntityFrameworkCore.Database.Command[20101]
      Executed DbCommand (0ms) [Parameters=[], CommandType='Text', CommandTimeout='30']
      SELECT "p"."LogoData", "p"."LogoContentType"
      FROM "PlatformConfig" AS "p"
      LIMIT 1
info: Microsoft.EntityFrameworkCore.Database.Command[20101]
      Executed DbCommand (0ms) [Parameters=[@__normalizedEmail_0='?' (Size = 29)], CommandType='Text', CommandTimeout='30']
      SELECT "a"."Id", "a"."AccessFailedCount", "a"."ConcurrencyStamp", "a"."CreatedAt", "a"."Email", "a"."EmailConfirmed", "a"."EmployerOwnerId", "a"."FirstName", "a"."IsGuest", "a"."LastName", "a"."LockoutEnabled", "a"."LockoutEnd", "a"."NormalizedEmail", "a"."NormalizedUserName", "a"."PasswordHash", "a"."PhoneNumber", "a"."PhoneNumberAlt", "a"."PhoneNumberConfirmed", "a"."PreferredFacilitySlug", "a"."PrivacyPolicyAcceptedAt", "a"."SecurityStamp", "a"."TwoFactorEnabled", "a"."UserName"
      FROM "AspNetUsers" AS "a"
      WHERE "a"."NormalizedEmail" = @__normalizedEmail_0
      LIMIT 2
info: Microsoft.EntityFrameworkCore.Database.Command[20101]
      Executed DbCommand (0ms) [Parameters=[@__userId_0='?' (Size = 36)], CommandType='Text', CommandTimeout='30']
      SELECT "a0"."Name"
      FROM "AspNetUserRoles" AS "a"
      INNER JOIN "AspNetRoles" AS "a0" ON "a"."RoleId" = "a0"."Id"
      WHERE "a"."UserId" = @__userId_0
warn: CourtBooking.Controllers.DevController[0]
      [Impersonation] Dev started impersonating admin.qa.20260803@example.com (Id=2190c0b7-fe1f-462b-a887-5d321c47b1a7, Roles=Admin) from ::1 at 2026-09-03T08:38:01.6858058Z
info: Microsoft.EntityFrameworkCore.Database.Command[20101]
      Executed DbCommand (0ms) [Parameters=[@__user_Id_0='?' (Size = 36)], CommandType='Text', CommandTimeout='30']
      SELECT "a"."Id", "a"."ClaimType", "a"."ClaimValue", "a"."UserId"
      FROM "AspNetUserClaims" AS "a"
      WHERE "a"."UserId" = @__user_Id_0
info: Microsoft.EntityFrameworkCore.Database.Command[20101]
      Executed DbCommand (0ms) [Parameters=[@__userId_0='?' (Size = 36)], CommandType='Text', CommandTimeout='30']
      SELECT "a0"."Name"
      FROM "AspNetUserRoles" AS "a"
      INNER JOIN "AspNetRoles" AS "a0" ON "a"."RoleId" = "a0"."Id"
      WHERE "a"."UserId" = @__userId_0
info: Microsoft.EntityFrameworkCore.Database.Command[20101]
      Executed DbCommand (0ms) [Parameters=[@__normalizedName_0='?' (Size = 5)], CommandType='Text', CommandTimeout='30']
      SELECT "a"."Id", "a"."ConcurrencyStamp", "a"."Name", "a"."NormalizedName"
      FROM "AspNetRoles" AS "a"
      WHERE "a"."NormalizedName" = @__normalizedName_0
      LIMIT 1
info: Microsoft.EntityFrameworkCore.Database.Command[20101]
      Executed DbCommand (0ms) [Parameters=[@__role_Id_0='?' (Size = 36)], CommandType='Text', CommandTimeout='30']
      SELECT "a"."ClaimType", "a"."ClaimValue"
      FROM "AspNetRoleClaims" AS "a"
      WHERE "a"."RoleId" = @__role_Id_0
info: Microsoft.EntityFrameworkCore.Database.Command[20101]
      Executed DbCommand (0ms) [Parameters=[@__CurrentUserId_0='?' (Size = 36)], CommandType='Text', CommandTimeout='30']
      SELECT "c"."Id"
      FROM "Courts" AS "c"
      WHERE "c"."OwnerId" = @__CurrentUserId_0
info: Microsoft.EntityFrameworkCore.Database.Command[20101]
      Executed DbCommand (0ms) [Parameters=[@__courtIds_0='?' (Size = 3)], CommandType='Text', CommandTimeout='30']
      SELECT COUNT(*)
      FROM "Bookings" AS "b"
      WHERE "b"."CourtId" IN (
          SELECT "c"."value"
          FROM json_each(@__courtIds_0) AS "c"
      ) AND "b"."Status" <> 2
info: Microsoft.EntityFrameworkCore.Database.Command[20101]
      Executed DbCommand (0ms) [Parameters=[@__courtIds_0='?' (Size = 3), @__Today_1='?' (DbType = Date)], CommandType='Text', CommandTimeout='30']
      SELECT COUNT(*)
      FROM "Bookings" AS "b"
      WHERE "b"."CourtId" IN (
          SELECT "c"."value"
          FROM json_each(@__courtIds_0) AS "c"
      ) AND "b"."BookingDate" = @__Today_1 AND "b"."Status" <> 2
info: Microsoft.EntityFrameworkCore.Database.Command[20101]
      Executed DbCommand (0ms) [Parameters=[@__courtIds_0='?' (Size = 3), @__Today_1='?' (DbType = Date)], CommandType='Text', CommandTimeout='30']
      SELECT COUNT(*)
      FROM "OpenPlaySignups" AS "o"
      WHERE "o"."CourtId" IN (
          SELECT "c"."value"
          FROM json_each(@__courtIds_0) AS "c"
      ) AND "o"."BookingDate" = @__Today_1 AND "o"."Status" <> 2
info: Microsoft.EntityFrameworkCore.Database.Command[20101]
      Executed DbCommand (0ms) [Parameters=[@__courtIds_0='?' (Size = 3)], CommandType='Text', CommandTimeout='30']
      SELECT COALESCE(ef_sum("b"."TotalPrice"), '0.0')
      FROM "Bookings" AS "b"
      WHERE "b"."CourtId" IN (
          SELECT "c"."value"
          FROM json_each(@__courtIds_0) AS "c"
      ) AND "b"."Status" IN (1, 3)
info: Microsoft.EntityFrameworkCore.Database.Command[20101]
      Executed DbCommand (0ms) [Parameters=[@__CurrentUserId_0='?' (Size = 36)], CommandType='Text', CommandTimeout='30']
      SELECT COUNT(*)
      FROM "Courts" AS "c"
      WHERE "c"."OwnerId" = @__CurrentUserId_0 AND "c"."IsActive"
info: Microsoft.EntityFrameworkCore.Database.Command[20101]
      Executed DbCommand (0ms) [Parameters=[@__courtIds_0='?' (Size = 3)], CommandType='Text', CommandTimeout='30']
      SELECT COUNT(*)
      FROM "Bookings" AS "b"
      WHERE "b"."CourtId" IN (
          SELECT "c"."value"
          FROM json_each(@__courtIds_0) AS "c"
      ) AND "b"."Status" = 0 AND "b"."PaymentProofSubmittedAt" IS NOT NULL
info: Microsoft.EntityFrameworkCore.Database.Command[20101]
      Executed DbCommand (0ms) [Parameters=[@__courtIds_0='?' (Size = 3)], CommandType='Text', CommandTimeout='30']
      SELECT COUNT(*)
      FROM "OpenPlaySignups" AS "o"
      WHERE "o"."CourtId" IN (
          SELECT "c"."value"
          FROM json_each(@__courtIds_0) AS "c"
      ) AND "o"."Status" = 0 AND "o"."PaymentProofSubmittedAt" IS NOT NULL
info: Microsoft.EntityFrameworkCore.Database.Command[20101]
      Executed DbCommand (0ms) [Parameters=[@__CurrentUserId_0='?' (Size = 36)], CommandType='Text', CommandTimeout='30']
      SELECT COUNT(*)
      FROM "AddOnRentals" AS "a"
      WHERE "a"."OwnerId" = @__CurrentUserId_0 AND "a"."Status" = 0
info: Microsoft.EntityFrameworkCore.Database.Command[20101]
      Executed DbCommand (0ms) [Parameters=[@__CurrentUserId_0='?' (Size = 36)], CommandType='Text', CommandTimeout='30']
      SELECT "f"."Id", "f"."Address", "f"."BillingModel", "f"."BrandLogoUrl", "f"."BrandName", "f"."BrandTagline", "f"."CommissionBalanceOwed", "f"."CommissionPaymentProofPath", "f"."CommissionPaymentRef", "f"."CommissionPaymentSubmittedAt", "f"."CommissionRate", "f"."CommissionTotalPaid", "f"."DeactivatedAt", "f"."FacebookUrl", "f"."FacilityName", "f"."GCashName", "f"."GCashNumber", "f"."GCashQrCodePath", "f"."GoTymeName", "f"."GoTymeNumber", "f"."GoTymeQrCodePath", "f"."HouseRules", "f"."InstagramUrl", "f"."IsDeactivated", "f"."IsSubscribed", "f"."IsSuspended", "f"."LastExpiryReminderThreshold", "f"."MayaName", "f"."MayaNumber", "f"."MayaQrCodePath", "f"."OwnerId", "f"."PayMongoMethods", "f"."PayMongoSecretKey", "f"."PaymentInstructions", "f"."Slug", "f"."SubscriptionActivatedAt", "f"."SubscriptionExpiresAt", "f"."SubscriptionPaymentRef", "f"."SubscriptionPlan", "f"."SubscriptionProofPath", "f"."SubscriptionSubmittedAt", "f"."SuspendedAt", "f"."SuspendedReason", "f"."TrialStartedAt"
      FROM "FacilitySettings" AS "f"
      WHERE "f"."OwnerId" = @__CurrentUserId_0
      LIMIT 1
info: Microsoft.EntityFrameworkCore.Database.Command[20101]
      Executed DbCommand (1ms) [Parameters=[@__courtIds_0='?' (Size = 3), @__p_1='?' (DbType = Int32)], CommandType='Text', CommandTimeout='30']
      SELECT "b0"."Id", "b0"."BookingDate", "b0"."BundleGroupId", "b0"."CheckoutSessionId", "b0"."CommissionAmount", "b0"."CommissionPaid", "b0"."CourtBundleId", "b0"."CourtId", "b0"."CourtName", "b0"."CreatedAt", "b0"."CustomerName", "b0"."CustomerNameSnapshot", "b0"."DiscountAmount", "b0"."EndTime", "b0"."FacilityName", "b0"."GuestAccessToken", "b0"."LoggedByStaffId", "b0"."LoggedByStaffName", "b0"."Notes", "b0"."PaidAt", "b0"."PaymentMethod", "b0"."PaymentProofPath", "b0"."PaymentProofSubmittedAt", "b0"."PaymentReference", "b0"."PaymentStatus", "b0"."RefundAmount", "b0"."RefundReason", "b0"."RefundedAt", "b0"."ReservedUntil", "b0"."StartTime", "b0"."Status", "b0"."TotalPrice", "b0"."UserId", "b0"."VoucherCode", "b0"."VoucherId", "c0"."Id", "c0"."ClosingHour", "c0"."Description", "c0"."FacilityName", "c0"."ImageUrl", "c0"."IsActive", "c0"."IsIndoor", "c0"."Name", "c0"."OpeningHour", "c0"."OwnerId", "c0"."PricePerHour", "c0"."SportType", "a"."Id", "a"."AccessFailedCount", "a"."ConcurrencyStamp", "a"."CreatedAt", "a"."Email", "a"."EmailConfirmed", "a"."EmployerOwnerId", "a"."FirstName", "a"."IsGuest", "a"."LastName", "a"."LockoutEnabled", "a"."LockoutEnd", "a"."NormalizedEmail", "a"."NormalizedUserName", "a"."PasswordHash", "a"."PhoneNumber", "a"."PhoneNumberAlt", "a"."PhoneNumberConfirmed", "a"."PreferredFacilitySlug", "a"."PrivacyPolicyAcceptedAt", "a"."SecurityStamp", "a"."TwoFactorEnabled", "a"."UserName", "c1"."Id", "c1"."IsActive", "c1"."Name", "c1"."OwnerId", "s"."Id", "s"."AddOnItemId", "s"."BookingId", "s"."PricingType", "s"."Quantity", "s"."UnitPrice", "s"."Id0", "s"."IsActive", "s"."Name", "s"."OwnerId", "s"."Price", "s"."PricingType0"
      FROM (
          SELECT "b"."Id", "b"."BookingDate", "b"."BundleGroupId", "b"."CheckoutSessionId", "b"."CommissionAmount", "b"."CommissionPaid", "b"."CourtBundleId", "b"."CourtId", "b"."CourtName", "b"."CreatedAt", "b"."CustomerName", "b"."CustomerNameSnapshot", "b"."DiscountAmount", "b"."EndTime", "b"."FacilityName", "b"."GuestAccessToken", "b"."LoggedByStaffId", "b"."LoggedByStaffName", "b"."Notes", "b"."PaidAt", "b"."PaymentMethod", "b"."PaymentProofPath", "b"."PaymentProofSubmittedAt", "b"."PaymentReference", "b"."PaymentStatus", "b"."RefundAmount", "b"."RefundReason", "b"."RefundedAt", "b"."ReservedUntil", "b"."StartTime", "b"."Status", "b"."TotalPrice", "b"."UserId", "b"."VoucherCode", "b"."VoucherId"
          FROM "Bookings" AS "b"
          WHERE "b"."CourtId" IN (
              SELECT "c"."value"
              FROM json_each(@__courtIds_0) AS "c"
          )
          ORDER BY "b"."CreatedAt" DESC
          LIMIT @__p_1
      ) AS "b0"
      INNER JOIN "Courts" AS "c0" ON "b0"."CourtId" = "c0"."Id"
      INNER JOIN "AspNetUsers" AS "a" ON "b0"."UserId" = "a"."Id"
      LEFT JOIN "CourtBundles" AS "c1" ON "b0"."CourtBundleId" = "c1"."Id"
      LEFT JOIN (
          SELECT "b1"."Id", "b1"."AddOnItemId", "b1"."BookingId", "b1"."PricingType", "b1"."Quantity", "b1"."UnitPrice", "a0"."Id" AS "Id0", "a0"."IsActive", "a0"."Name", "a0"."OwnerId", "a0"."Price", "a0"."PricingType" AS "PricingType0"
          FROM "BookingAddOns" AS "b1"
          INNER JOIN "AddOnItems" AS "a0" ON "b1"."AddOnItemId" = "a0"."Id"
      ) AS "s" ON "b0"."Id" = "s"."BookingId"
      ORDER BY "b0"."CreatedAt" DESC, "b0"."Id", "c0"."Id", "a"."Id", "c1"."Id", "s"."Id"
info: Microsoft.EntityFrameworkCore.Database.Command[20101]
      Executed DbCommand (0ms) [Parameters=[@__courtIds_0='?' (Size = 3), @__p_1='?' (DbType = Int32)], CommandType='Text', CommandTimeout='30']
      SELECT "o0"."Id", "o0"."BookingDate", "o0"."CommissionAmount", "o0"."CourtId", "o0"."CourtName", "o0"."CreatedAt", "o0"."CustomerName", "o0"."CustomerNameSnapshot", "o0"."DiscountAmount", "o0"."EndHour", "o0"."FacilityName", "o0"."GuestAccessToken", "o0"."LoggedByStaffId", "o0"."LoggedByStaffName", "o0"."Notes", "o0"."PaidAt", "o0"."PaymentMethod", "o0"."PaymentProofPath", "o0"."PaymentProofSubmittedAt", "o0"."PaymentReference", "o0"."PaymentStatus", "o0"."PlayerNames", "o0"."PricePerHeadSnapshot", "o0"."RefundAmount", "o0"."RefundReason", "o0"."RefundedAt", "o0"."ReservedUntil", "o0"."SpotCount", "o0"."StartHour", "o0"."Status", "o0"."TotalPrice", "o0"."UserId", "o0"."VoucherCode", "o0"."VoucherId", "c0"."Id", "c0"."ClosingHour", "c0"."Description", "c0"."FacilityName", "c0"."ImageUrl", "c0"."IsActive", "c0"."IsIndoor", "c0"."Name", "c0"."OpeningHour", "c0"."OwnerId", "c0"."PricePerHour", "c0"."SportType", "a"."Id", "a"."AccessFailedCount", "a"."ConcurrencyStamp", "a"."CreatedAt", "a"."Email", "a"."EmailConfirmed", "a"."EmployerOwnerId", "a"."FirstName", "a"."IsGuest", "a"."LastName", "a"."LockoutEnabled", "a"."LockoutEnd", "a"."NormalizedEmail", "a"."NormalizedUserName", "a"."PasswordHash", "a"."PhoneNumber", "a"."PhoneNumberAlt", "a"."PhoneNumberConfirmed", "a"."PreferredFacilitySlug", "a"."PrivacyPolicyAcceptedAt", "a"."SecurityStamp", "a"."TwoFactorEnabled", "a"."UserName"
      FROM (
          SELECT "o"."Id", "o"."BookingDate", "o"."CommissionAmount", "o"."CourtId", "o"."CourtName", "o"."CreatedAt", "o"."CustomerName", "o"."CustomerNameSnapshot", "o"."DiscountAmount", "o"."EndHour", "o"."FacilityName", "o"."GuestAccessToken", "o"."LoggedByStaffId", "o"."LoggedByStaffName", "o"."Notes", "o"."PaidAt", "o"."PaymentMethod", "o"."PaymentProofPath", "o"."PaymentProofSubmittedAt", "o"."PaymentReference", "o"."PaymentStatus", "o"."PlayerNames", "o"."PricePerHeadSnapshot", "o"."RefundAmount", "o"."RefundReason", "o"."RefundedAt", "o"."ReservedUntil", "o"."SpotCount", "o"."StartHour", "o"."Status", "o"."TotalPrice", "o"."UserId", "o"."VoucherCode", "o"."VoucherId"
          FROM "OpenPlaySignups" AS "o"
          WHERE "o"."CourtId" IN (
              SELECT "c"."value"
              FROM json_each(@__courtIds_0) AS "c"
          )
          ORDER BY "o"."CreatedAt" DESC
          LIMIT @__p_1
      ) AS "o0"
      INNER JOIN "Courts" AS "c0" ON "o0"."CourtId" = "c0"."Id"
      INNER JOIN "AspNetUsers" AS "a" ON "o0"."UserId" = "a"."Id"
      ORDER BY "o0"."CreatedAt" DESC
info: Microsoft.EntityFrameworkCore.Database.Command[20101]
      Executed DbCommand (0ms) [Parameters=[@__staffIds_0='?' (Size = 79)], CommandType='Text', CommandTimeout='30']
      SELECT "a"."Id", "a"."AccessFailedCount", "a"."ConcurrencyStamp", "a"."CreatedAt", "a"."Email", "a"."EmailConfirmed", "a"."EmployerOwnerId", "a"."FirstName", "a"."IsGuest", "a"."LastName", "a"."LockoutEnabled", "a"."LockoutEnd", "a"."NormalizedEmail", "a"."NormalizedUserName", "a"."PasswordHash", "a"."PhoneNumber", "a"."PhoneNumberAlt", "a"."PhoneNumberConfirmed", "a"."PreferredFacilitySlug", "a"."PrivacyPolicyAcceptedAt", "a"."SecurityStamp", "a"."TwoFactorEnabled", "a"."UserName"
      FROM "AspNetUsers" AS "a"
      WHERE "a"."Id" IN (
          SELECT "s"."value"
          FROM json_each(@__staffIds_0) AS "s"
      )
info: Microsoft.EntityFrameworkCore.Database.Command[20101]
      Executed DbCommand (0ms) [Parameters=[@___uid_0='?' (Size = 36)], CommandType='Text', CommandTimeout='30']
      SELECT "f"."Id", "f"."Address", "f"."BillingModel", "f"."BrandLogoUrl", "f"."BrandName", "f"."BrandTagline", "f"."CommissionBalanceOwed", "f"."CommissionPaymentProofPath", "f"."CommissionPaymentRef", "f"."CommissionPaymentSubmittedAt", "f"."CommissionRate", "f"."CommissionTotalPaid", "f"."DeactivatedAt", "f"."FacebookUrl", "f"."FacilityName", "f"."GCashName", "f"."GCashNumber", "f"."GCashQrCodePath", "f"."GoTymeName", "f"."GoTymeNumber", "f"."GoTymeQrCodePath", "f"."HouseRules", "f"."InstagramUrl", "f"."IsDeactivated", "f"."IsSubscribed", "f"."IsSuspended", "f"."LastExpiryReminderThreshold", "f"."MayaName", "f"."MayaNumber", "f"."MayaQrCodePath", "f"."OwnerId", "f"."PayMongoMethods", "f"."PayMongoSecretKey", "f"."PaymentInstructions", "f"."Slug", "f"."SubscriptionActivatedAt", "f"."SubscriptionExpiresAt", "f"."SubscriptionPaymentRef", "f"."SubscriptionPlan", "f"."SubscriptionProofPath", "f"."SubscriptionSubmittedAt", "f"."SuspendedAt", "f"."SuspendedReason", "f"."TrialStartedAt"
      FROM "FacilitySettings" AS "f"
      WHERE "f"."OwnerId" = @___uid_0
      LIMIT 1
info: Microsoft.EntityFrameworkCore.Database.Command[20101]
      Executed DbCommand (0ms) [Parameters=[], CommandType='Text', CommandTimeout='30']
      SELECT "p"."LogoData", "p"."LogoContentType"
      FROM "PlatformConfig" AS "p"
      LIMIT 1
info: Microsoft.EntityFrameworkCore.Database.Command[20101]
      Executed DbCommand (0ms) [Parameters=[@__CurrentUserId_0='?' (Size = 36)], CommandType='Text', CommandTimeout='30']
      SELECT "c"."Id"
      FROM "Courts" AS "c"
      WHERE "c"."OwnerId" = @__CurrentUserId_0
info: Microsoft.EntityFrameworkCore.Database.Command[20101]
      Executed DbCommand (1ms) [Parameters=[@__courtIds_0='?' (Size = 3), @__s_1='?' (DbType = Int32), @__dateFrom_Value_2='?' (DbType = Date), @__dateTo_Value_3='?' (DbType = Date)], CommandType='Text', CommandTimeout='30']
      SELECT "b"."Id", "b"."BookingDate", "b"."BundleGroupId", "b"."CheckoutSessionId", "b"."CommissionAmount", "b"."CommissionPaid", "b"."CourtBundleId", "b"."CourtId", "b"."CourtName", "b"."CreatedAt", "b"."CustomerName", "b"."CustomerNameSnapshot", "b"."DiscountAmount", "b"."EndTime", "b"."FacilityName", "b"."GuestAccessToken", "b"."LoggedByStaffId", "b"."LoggedByStaffName", "b"."Notes", "b"."PaidAt", "b"."PaymentMethod", "b"."PaymentProofPath", "b"."PaymentProofSubmittedAt", "b"."PaymentReference", "b"."PaymentStatus", "b"."RefundAmount", "b"."RefundReason", "b"."RefundedAt", "b"."ReservedUntil", "b"."StartTime", "b"."Status", "b"."TotalPrice", "b"."UserId", "b"."VoucherCode", "b"."VoucherId", "c0"."Id", "c0"."ClosingHour", "c0"."Description", "c0"."FacilityName", "c0"."ImageUrl", "c0"."IsActive", "c0"."IsIndoor", "c0"."Name", "c0"."OpeningHour", "c0"."OwnerId", "c0"."PricePerHour", "c0"."SportType", "a"."Id", "a"."AccessFailedCount", "a"."ConcurrencyStamp", "a"."CreatedAt", "a"."Email", "a"."EmailConfirmed", "a"."EmployerOwnerId", "a"."FirstName", "a"."IsGuest", "a"."LastName", "a"."LockoutEnabled", "a"."LockoutEnd", "a"."NormalizedEmail", "a"."NormalizedUserName", "a"."PasswordHash", "a"."PhoneNumber", "a"."PhoneNumberAlt", "a"."PhoneNumberConfirmed", "a"."PreferredFacilitySlug", "a"."PrivacyPolicyAcceptedAt", "a"."SecurityStamp", "a"."TwoFactorEnabled", "a"."UserName", "c1"."Id", "c1"."IsActive", "c1"."Name", "c1"."OwnerId", "s"."Id", "s"."AddOnItemId", "s"."BookingId", "s"."PricingType", "s"."Quantity", "s"."UnitPrice", "s"."Id0", "s"."IsActive", "s"."Name", "s"."OwnerId", "s"."Price", "s"."PricingType0"
      FROM "Bookings" AS "b"
      INNER JOIN "Courts" AS "c0" ON "b"."CourtId" = "c0"."Id"
      INNER JOIN "AspNetUsers" AS "a" ON "b"."UserId" = "a"."Id"
      LEFT JOIN "CourtBundles" AS "c1" ON "b"."CourtBundleId" = "c1"."Id"
      LEFT JOIN (
          SELECT "b0"."Id", "b0"."AddOnItemId", "b0"."BookingId", "b0"."PricingType", "b0"."Quantity", "b0"."UnitPrice", "a0"."Id" AS "Id0", "a0"."IsActive", "a0"."Name", "a0"."OwnerId", "a0"."Price", "a0"."PricingType" AS "PricingType0"
          FROM "BookingAddOns" AS "b0"
          INNER JOIN "AddOnItems" AS "a0" ON "b0"."AddOnItemId" = "a0"."Id"
      ) AS "s" ON "b"."Id" = "s"."BookingId"
      WHERE "b"."CourtId" IN (
          SELECT "c"."value"
          FROM json_each(@__courtIds_0) AS "c"
      ) AND "b"."Status" = @__s_1 AND "b"."BookingDate" >= @__dateFrom_Value_2 AND "b"."BookingDate" <= @__dateTo_Value_3
      ORDER BY COALESCE("b"."PaymentProofSubmittedAt", "b"."CreatedAt") DESC, "b"."Id", "c0"."Id", "a"."Id", "c1"."Id", "s"."Id"
info: Microsoft.EntityFrameworkCore.Database.Command[20101]
      Executed DbCommand (0ms) [Parameters=[@__courtIds_0='?' (Size = 3), @__signupStatus_1='?' (DbType = Int32), @__dateFrom_Value_2='?' (DbType = Date), @__dateTo_Value_3='?' (DbType = Date)], CommandType='Text', CommandTimeout='30']
      SELECT "o"."Id", "o"."BookingDate", "o"."CommissionAmount", "o"."CourtId", "o"."CourtName", "o"."CreatedAt", "o"."CustomerName", "o"."CustomerNameSnapshot", "o"."DiscountAmount", "o"."EndHour", "o"."FacilityName", "o"."GuestAccessToken", "o"."LoggedByStaffId", "o"."LoggedByStaffName", "o"."Notes", "o"."PaidAt", "o"."PaymentMethod", "o"."PaymentProofPath", "o"."PaymentProofSubmittedAt", "o"."PaymentReference", "o"."PaymentStatus", "o"."PlayerNames", "o"."PricePerHeadSnapshot", "o"."RefundAmount", "o"."RefundReason", "o"."RefundedAt", "o"."ReservedUntil", "o"."SpotCount", "o"."StartHour", "o"."Status", "o"."TotalPrice", "o"."UserId", "o"."VoucherCode", "o"."VoucherId", "c0"."Id", "c0"."ClosingHour", "c0"."Description", "c0"."FacilityName", "c0"."ImageUrl", "c0"."IsActive", "c0"."IsIndoor", "c0"."Name", "c0"."OpeningHour", "c0"."OwnerId", "c0"."PricePerHour", "c0"."SportType", "a"."Id", "a"."AccessFailedCount", "a"."ConcurrencyStamp", "a"."CreatedAt", "a"."Email", "a"."EmailConfirmed", "a"."EmployerOwnerId", "a"."FirstName", "a"."IsGuest", "a"."LastName", "a"."LockoutEnabled", "a"."LockoutEnd", "a"."NormalizedEmail", "a"."NormalizedUserName", "a"."PasswordHash", "a"."PhoneNumber", "a"."PhoneNumberAlt", "a"."PhoneNumberConfirmed", "a"."PreferredFacilitySlug", "a"."PrivacyPolicyAcceptedAt", "a"."SecurityStamp", "a"."TwoFactorEnabled", "a"."UserName"
      FROM "OpenPlaySignups" AS "o"
      INNER JOIN "Courts" AS "c0" ON "o"."CourtId" = "c0"."Id"
      INNER JOIN "AspNetUsers" AS "a" ON "o"."UserId" = "a"."Id"
      WHERE "o"."CourtId" IN (
          SELECT "c"."value"
          FROM json_each(@__courtIds_0) AS "c"
      ) AND "o"."Status" = @__signupStatus_1 AND "o"."BookingDate" >= @__dateFrom_Value_2 AND "o"."BookingDate" <= @__dateTo_Value_3
info: Microsoft.EntityFrameworkCore.Database.Command[20101]
      Executed DbCommand (0ms) [Parameters=[@__staffIds_0='?' (Size = 40)], CommandType='Text', CommandTimeout='30']
      SELECT "a"."Id", "a"."AccessFailedCount", "a"."ConcurrencyStamp", "a"."CreatedAt", "a"."Email", "a"."EmailConfirmed", "a"."EmployerOwnerId", "a"."FirstName", "a"."IsGuest", "a"."LastName", "a"."LockoutEnabled", "a"."LockoutEnd", "a"."NormalizedEmail", "a"."NormalizedUserName", "a"."PasswordHash", "a"."PhoneNumber", "a"."PhoneNumberAlt", "a"."PhoneNumberConfirmed", "a"."PreferredFacilitySlug", "a"."PrivacyPolicyAcceptedAt", "a"."SecurityStamp", "a"."TwoFactorEnabled", "a"."UserName"
      FROM "AspNetUsers" AS "a"
      WHERE "a"."Id" IN (
          SELECT "s"."value"
          FROM json_each(@__staffIds_0) AS "s"
      )
info: Microsoft.EntityFrameworkCore.Database.Command[20101]
      Executed DbCommand (0ms) [Parameters=[@__CurrentUserId_0='?' (Size = 36)], CommandType='Text', CommandTimeout='30']
      SELECT "a"."Id", "a"."AccessFailedCount", "a"."ConcurrencyStamp", "a"."CreatedAt", "a"."Email", "a"."EmailConfirmed", "a"."EmployerOwnerId", "a"."FirstName", "a"."IsGuest", "a"."LastName", "a"."LockoutEnabled", "a"."LockoutEnd", "a"."NormalizedEmail", "a"."NormalizedUserName", "a"."PasswordHash", "a"."PhoneNumber", "a"."PhoneNumberAlt", "a"."PhoneNumberConfirmed", "a"."PreferredFacilitySlug", "a"."PrivacyPolicyAcceptedAt", "a"."SecurityStamp", "a"."TwoFactorEnabled", "a"."UserName"
      FROM "AspNetUsers" AS "a"
      WHERE "a"."EmployerOwnerId" = @__CurrentUserId_0
info: Microsoft.EntityFrameworkCore.Database.Command[20101]
      Executed DbCommand (0ms) [Parameters=[@__courtIds_0='?' (Size = 3)], CommandType='Text', CommandTimeout='30']
      SELECT COUNT(*)
      FROM "Bookings" AS "b"
      WHERE "b"."CourtId" IN (
          SELECT "c"."value"
          FROM json_each(@__courtIds_0) AS "c"
      ) AND "b"."Status" = 0 AND "b"."PaymentStatus" = 0 AND "b"."PaymentProofSubmittedAt" IS NOT NULL
info: Microsoft.EntityFrameworkCore.Database.Command[20101]
      Executed DbCommand (0ms) [Parameters=[@__courtIds_0='?' (Size = 3)], CommandType='Text', CommandTimeout='30']
      SELECT COUNT(*)
      FROM "OpenPlaySignups" AS "o"
      WHERE "o"."CourtId" IN (
          SELECT "c"."value"
          FROM json_each(@__courtIds_0) AS "c"
      ) AND "o"."Status" = 0 AND "o"."PaymentStatus" = 0 AND "o"."PaymentProofSubmittedAt" IS NOT NULL
info: Microsoft.EntityFrameworkCore.Database.Command[20101]
      Executed DbCommand (0ms) [Parameters=[@__ownerId_0='?' (Size = 36)], CommandType='Text', CommandTimeout='30']
      SELECT "f"."Id", "f"."Address", "f"."BillingModel", "f"."BrandLogoUrl", "f"."BrandName", "f"."BrandTagline", "f"."CommissionBalanceOwed", "f"."CommissionPaymentProofPath", "f"."CommissionPaymentRef", "f"."CommissionPaymentSubmittedAt", "f"."CommissionRate", "f"."CommissionTotalPaid", "f"."DeactivatedAt", "f"."FacebookUrl", "f"."FacilityName", "f"."GCashName", "f"."GCashNumber", "f"."GCashQrCodePath", "f"."GoTymeName", "f"."GoTymeNumber", "f"."GoTymeQrCodePath", "f"."HouseRules", "f"."InstagramUrl", "f"."IsDeactivated", "f"."IsSubscribed", "f"."IsSuspended", "f"."LastExpiryReminderThreshold", "f"."MayaName", "f"."MayaNumber", "f"."MayaQrCodePath", "f"."OwnerId", "f"."PayMongoMethods", "f"."PayMongoSecretKey", "f"."PaymentInstructions", "f"."Slug", "f"."SubscriptionActivatedAt", "f"."SubscriptionExpiresAt", "f"."SubscriptionPaymentRef", "f"."SubscriptionPlan", "f"."SubscriptionProofPath", "f"."SubscriptionSubmittedAt", "f"."SuspendedAt", "f"."SuspendedReason", "f"."TrialStartedAt"
      FROM "FacilitySettings" AS "f"
      WHERE "f"."OwnerId" = @__ownerId_0
      LIMIT 1
info: Microsoft.EntityFrameworkCore.Database.Command[20101]
      Executed DbCommand (0ms) [Parameters=[@__CurrentUserId_0='?' (Size = 36)], CommandType='Text', CommandTimeout='30']
      SELECT "c"."Id", "c"."Name"
      FROM "Courts" AS "c"
      WHERE "c"."OwnerId" = @__CurrentUserId_0 AND "c"."IsActive"
      ORDER BY "c"."Name"
info: Microsoft.EntityFrameworkCore.Database.Command[20101]
      Executed DbCommand (0ms) [Parameters=[@___uid_0='?' (Size = 36)], CommandType='Text', CommandTimeout='30']
      SELECT "f"."Id", "f"."Address", "f"."BillingModel", "f"."BrandLogoUrl", "f"."BrandName", "f"."BrandTagline", "f"."CommissionBalanceOwed", "f"."CommissionPaymentProofPath", "f"."CommissionPaymentRef", "f"."CommissionPaymentSubmittedAt", "f"."CommissionRate", "f"."CommissionTotalPaid", "f"."DeactivatedAt", "f"."FacebookUrl", "f"."FacilityName", "f"."GCashName", "f"."GCashNumber", "f"."GCashQrCodePath", "f"."GoTymeName", "f"."GoTymeNumber", "f"."GoTymeQrCodePath", "f"."HouseRules", "f"."InstagramUrl", "f"."IsDeactivated", "f"."IsSubscribed", "f"."IsSuspended", "f"."LastExpiryReminderThreshold", "f"."MayaName", "f"."MayaNumber", "f"."MayaQrCodePath", "f"."OwnerId", "f"."PayMongoMethods", "f"."PayMongoSecretKey", "f"."PaymentInstructions", "f"."Slug", "f"."SubscriptionActivatedAt", "f"."SubscriptionExpiresAt", "f"."SubscriptionPaymentRef", "f"."SubscriptionPlan", "f"."SubscriptionProofPath", "f"."SubscriptionSubmittedAt", "f"."SuspendedAt", "f"."SuspendedReason", "f"."TrialStartedAt"
      FROM "FacilitySettings" AS "f"
      WHERE "f"."OwnerId" = @___uid_0
      LIMIT 1
info: Microsoft.EntityFrameworkCore.Database.Command[20101]
      Executed DbCommand (0ms) [Parameters=[], CommandType='Text', CommandTimeout='30']
      SELECT "p"."LogoData", "p"."LogoContentType"
      FROM "PlatformConfig" AS "p"
      LIMIT 1
info: Microsoft.EntityFrameworkCore.Database.Command[20101]
      Executed DbCommand (0ms) [Parameters=[@__normalizedEmail_0='?' (Size = 29)], CommandType='Text', CommandTimeout='30']
      SELECT "a"."Id", "a"."AccessFailedCount", "a"."ConcurrencyStamp", "a"."CreatedAt", "a"."Email", "a"."EmailConfirmed", "a"."EmployerOwnerId", "a"."FirstName", "a"."IsGuest", "a"."LastName", "a"."LockoutEnabled", "a"."LockoutEnd", "a"."NormalizedEmail", "a"."NormalizedUserName", "a"."PasswordHash", "a"."PhoneNumber", "a"."PhoneNumberAlt", "a"."PhoneNumberConfirmed", "a"."PreferredFacilitySlug", "a"."PrivacyPolicyAcceptedAt", "a"."SecurityStamp", "a"."TwoFactorEnabled", "a"."UserName"
      FROM "AspNetUsers" AS "a"
      WHERE "a"."NormalizedEmail" = @__normalizedEmail_0
      LIMIT 2
info: Microsoft.EntityFrameworkCore.Database.Command[20101]
      Executed DbCommand (0ms) [Parameters=[@__userId_0='?' (Size = 36)], CommandType='Text', CommandTimeout='30']
      SELECT "a0"."Name"
      FROM "AspNetUserRoles" AS "a"
      INNER JOIN "AspNetRoles" AS "a0" ON "a"."RoleId" = "a0"."Id"
      WHERE "a"."UserId" = @__userId_0
warn: CourtBooking.Controllers.DevController[0]
      [Impersonation] Dev started impersonating admin.qa.20260803@example.com (Id=2190c0b7-fe1f-462b-a887-5d321c47b1a7, Roles=Admin) from ::1 at 2026-09-03T08:38:19.9778773Z
info: Microsoft.EntityFrameworkCore.Database.Command[20101]
      Executed DbCommand (0ms) [Parameters=[@__user_Id_0='?' (Size = 36)], CommandType='Text', CommandTimeout='30']
      SELECT "a"."Id", "a"."ClaimType", "a"."ClaimValue", "a"."UserId"
      FROM "AspNetUserClaims" AS "a"
      WHERE "a"."UserId" = @__user_Id_0
info: Microsoft.EntityFrameworkCore.Database.Command[20101]
      Executed DbCommand (0ms) [Parameters=[@__userId_0='?' (Size = 36)], CommandType='Text', CommandTimeout='30']
      SELECT "a0"."Name"
      FROM "AspNetUserRoles" AS "a"
      INNER JOIN "AspNetRoles" AS "a0" ON "a"."RoleId" = "a0"."Id"
      WHERE "a"."UserId" = @__userId_0
info: Microsoft.EntityFrameworkCore.Database.Command[20101]
      Executed DbCommand (0ms) [Parameters=[@__normalizedName_0='?' (Size = 5)], CommandType='Text', CommandTimeout='30']
      SELECT "a"."Id", "a"."ConcurrencyStamp", "a"."Name", "a"."NormalizedName"
      FROM "AspNetRoles" AS "a"
      WHERE "a"."NormalizedName" = @__normalizedName_0
      LIMIT 1
info: Microsoft.EntityFrameworkCore.Database.Command[20101]
      Executed DbCommand (0ms) [Parameters=[@__role_Id_0='?' (Size = 36)], CommandType='Text', CommandTimeout='30']
      SELECT "a"."ClaimType", "a"."ClaimValue"
      FROM "AspNetRoleClaims" AS "a"
      WHERE "a"."RoleId" = @__role_Id_0
info: Microsoft.EntityFrameworkCore.Database.Command[20101]
      Executed DbCommand (0ms) [Parameters=[@__CurrentUserId_0='?' (Size = 36)], CommandType='Text', CommandTimeout='30']
      SELECT "c"."Id"
      FROM "Courts" AS "c"
      WHERE "c"."OwnerId" = @__CurrentUserId_0
info: Microsoft.EntityFrameworkCore.Database.Command[20101]
      Executed DbCommand (0ms) [Parameters=[@__courtIds_0='?' (Size = 3)], CommandType='Text', CommandTimeout='30']
      SELECT COUNT(*)
      FROM "Bookings" AS "b"
      WHERE "b"."CourtId" IN (
          SELECT "c"."value"
          FROM json_each(@__courtIds_0) AS "c"
      ) AND "b"."Status" <> 2
info: Microsoft.EntityFrameworkCore.Database.Command[20101]
      Executed DbCommand (0ms) [Parameters=[@__courtIds_0='?' (Size = 3), @__Today_1='?' (DbType = Date)], CommandType='Text', CommandTimeout='30']
      SELECT COUNT(*)
      FROM "Bookings" AS "b"
      WHERE "b"."CourtId" IN (
          SELECT "c"."value"
          FROM json_each(@__courtIds_0) AS "c"
      ) AND "b"."BookingDate" = @__Today_1 AND "b"."Status" <> 2
info: Microsoft.EntityFrameworkCore.Database.Command[20101]
      Executed DbCommand (0ms) [Parameters=[@__courtIds_0='?' (Size = 3), @__Today_1='?' (DbType = Date)], CommandType='Text', CommandTimeout='30']
      SELECT COUNT(*)
      FROM "OpenPlaySignups" AS "o"
      WHERE "o"."CourtId" IN (
          SELECT "c"."value"
          FROM json_each(@__courtIds_0) AS "c"
      ) AND "o"."BookingDate" = @__Today_1 AND "o"."Status" <> 2
info: Microsoft.EntityFrameworkCore.Database.Command[20101]
      Executed DbCommand (0ms) [Parameters=[@__courtIds_0='?' (Size = 3)], CommandType='Text', CommandTimeout='30']
      SELECT COALESCE(ef_sum("b"."TotalPrice"), '0.0')
      FROM "Bookings" AS "b"
      WHERE "b"."CourtId" IN (
          SELECT "c"."value"
          FROM json_each(@__courtIds_0) AS "c"
      ) AND "b"."Status" IN (1, 3)
info: Microsoft.EntityFrameworkCore.Database.Command[20101]
      Executed DbCommand (0ms) [Parameters=[@__CurrentUserId_0='?' (Size = 36)], CommandType='Text', CommandTimeout='30']
      SELECT COUNT(*)
      FROM "Courts" AS "c"
      WHERE "c"."OwnerId" = @__CurrentUserId_0 AND "c"."IsActive"
info: Microsoft.EntityFrameworkCore.Database.Command[20101]
      Executed DbCommand (0ms) [Parameters=[@__courtIds_0='?' (Size = 3)], CommandType='Text', CommandTimeout='30']
      SELECT COUNT(*)
      FROM "Bookings" AS "b"
      WHERE "b"."CourtId" IN (
          SELECT "c"."value"
          FROM json_each(@__courtIds_0) AS "c"
      ) AND "b"."Status" = 0 AND "b"."PaymentProofSubmittedAt" IS NOT NULL
info: Microsoft.EntityFrameworkCore.Database.Command[20101]
      Executed DbCommand (0ms) [Parameters=[@__courtIds_0='?' (Size = 3)], CommandType='Text', CommandTimeout='30']
      SELECT COUNT(*)
      FROM "OpenPlaySignups" AS "o"
      WHERE "o"."CourtId" IN (
          SELECT "c"."value"
          FROM json_each(@__courtIds_0) AS "c"
      ) AND "o"."Status" = 0 AND "o"."PaymentProofSubmittedAt" IS NOT NULL
info: Microsoft.EntityFrameworkCore.Database.Command[20101]
      Executed DbCommand (0ms) [Parameters=[@__CurrentUserId_0='?' (Size = 36)], CommandType='Text', CommandTimeout='30']
      SELECT COUNT(*)
      FROM "AddOnRentals" AS "a"
      WHERE "a"."OwnerId" = @__CurrentUserId_0 AND "a"."Status" = 0
info: Microsoft.EntityFrameworkCore.Database.Command[20101]
      Executed DbCommand (0ms) [Parameters=[@__CurrentUserId_0='?' (Size = 36)], CommandType='Text', CommandTimeout='30']
      SELECT "f"."Id", "f"."Address", "f"."BillingModel", "f"."BrandLogoUrl", "f"."BrandName", "f"."BrandTagline", "f"."CommissionBalanceOwed", "f"."CommissionPaymentProofPath", "f"."CommissionPaymentRef", "f"."CommissionPaymentSubmittedAt", "f"."CommissionRate", "f"."CommissionTotalPaid", "f"."DeactivatedAt", "f"."FacebookUrl", "f"."FacilityName", "f"."GCashName", "f"."GCashNumber", "f"."GCashQrCodePath", "f"."GoTymeName", "f"."GoTymeNumber", "f"."GoTymeQrCodePath", "f"."HouseRules", "f"."InstagramUrl", "f"."IsDeactivated", "f"."IsSubscribed", "f"."IsSuspended", "f"."LastExpiryReminderThreshold", "f"."MayaName", "f"."MayaNumber", "f"."MayaQrCodePath", "f"."OwnerId", "f"."PayMongoMethods", "f"."PayMongoSecretKey", "f"."PaymentInstructions", "f"."Slug", "f"."SubscriptionActivatedAt", "f"."SubscriptionExpiresAt", "f"."SubscriptionPaymentRef", "f"."SubscriptionPlan", "f"."SubscriptionProofPath", "f"."SubscriptionSubmittedAt", "f"."SuspendedAt", "f"."SuspendedReason", "f"."TrialStartedAt"
      FROM "FacilitySettings" AS "f"
      WHERE "f"."OwnerId" = @__CurrentUserId_0
      LIMIT 1
info: Microsoft.EntityFrameworkCore.Database.Command[20101]
      Executed DbCommand (1ms) [Parameters=[@__courtIds_0='?' (Size = 3), @__p_1='?' (DbType = Int32)], CommandType='Text', CommandTimeout='30']
      SELECT "b0"."Id", "b0"."BookingDate", "b0"."BundleGroupId", "b0"."CheckoutSessionId", "b0"."CommissionAmount", "b0"."CommissionPaid", "b0"."CourtBundleId", "b0"."CourtId", "b0"."CourtName", "b0"."CreatedAt", "b0"."CustomerName", "b0"."CustomerNameSnapshot", "b0"."DiscountAmount", "b0"."EndTime", "b0"."FacilityName", "b0"."GuestAccessToken", "b0"."LoggedByStaffId", "b0"."LoggedByStaffName", "b0"."Notes", "b0"."PaidAt", "b0"."PaymentMethod", "b0"."PaymentProofPath", "b0"."PaymentProofSubmittedAt", "b0"."PaymentReference", "b0"."PaymentStatus", "b0"."RefundAmount", "b0"."RefundReason", "b0"."RefundedAt", "b0"."ReservedUntil", "b0"."StartTime", "b0"."Status", "b0"."TotalPrice", "b0"."UserId", "b0"."VoucherCode", "b0"."VoucherId", "c0"."Id", "c0"."ClosingHour", "c0"."Description", "c0"."FacilityName", "c0"."ImageUrl", "c0"."IsActive", "c0"."IsIndoor", "c0"."Name", "c0"."OpeningHour", "c0"."OwnerId", "c0"."PricePerHour", "c0"."SportType", "a"."Id", "a"."AccessFailedCount", "a"."ConcurrencyStamp", "a"."CreatedAt", "a"."Email", "a"."EmailConfirmed", "a"."EmployerOwnerId", "a"."FirstName", "a"."IsGuest", "a"."LastName", "a"."LockoutEnabled", "a"."LockoutEnd", "a"."NormalizedEmail", "a"."NormalizedUserName", "a"."PasswordHash", "a"."PhoneNumber", "a"."PhoneNumberAlt", "a"."PhoneNumberConfirmed", "a"."PreferredFacilitySlug", "a"."PrivacyPolicyAcceptedAt", "a"."SecurityStamp", "a"."TwoFactorEnabled", "a"."UserName", "c1"."Id", "c1"."IsActive", "c1"."Name", "c1"."OwnerId", "s"."Id", "s"."AddOnItemId", "s"."BookingId", "s"."PricingType", "s"."Quantity", "s"."UnitPrice", "s"."Id0", "s"."IsActive", "s"."Name", "s"."OwnerId", "s"."Price", "s"."PricingType0"
      FROM (
          SELECT "b"."Id", "b"."BookingDate", "b"."BundleGroupId", "b"."CheckoutSessionId", "b"."CommissionAmount", "b"."CommissionPaid", "b"."CourtBundleId", "b"."CourtId", "b"."CourtName", "b"."CreatedAt", "b"."CustomerName", "b"."CustomerNameSnapshot", "b"."DiscountAmount", "b"."EndTime", "b"."FacilityName", "b"."GuestAccessToken", "b"."LoggedByStaffId", "b"."LoggedByStaffName", "b"."Notes", "b"."PaidAt", "b"."PaymentMethod", "b"."PaymentProofPath", "b"."PaymentProofSubmittedAt", "b"."PaymentReference", "b"."PaymentStatus", "b"."RefundAmount", "b"."RefundReason", "b"."RefundedAt", "b"."ReservedUntil", "b"."StartTime", "b"."Status", "b"."TotalPrice", "b"."UserId", "b"."VoucherCode", "b"."VoucherId"
          FROM "Bookings" AS "b"
          WHERE "b"."CourtId" IN (
              SELECT "c"."value"
              FROM json_each(@__courtIds_0) AS "c"
          )
          ORDER BY "b"."CreatedAt" DESC
          LIMIT @__p_1
      ) AS "b0"
      INNER JOIN "Courts" AS "c0" ON "b0"."CourtId" = "c0"."Id"
      INNER JOIN "AspNetUsers" AS "a" ON "b0"."UserId" = "a"."Id"
      LEFT JOIN "CourtBundles" AS "c1" ON "b0"."CourtBundleId" = "c1"."Id"
      LEFT JOIN (
          SELECT "b1"."Id", "b1"."AddOnItemId", "b1"."BookingId", "b1"."PricingType", "b1"."Quantity", "b1"."UnitPrice", "a0"."Id" AS "Id0", "a0"."IsActive", "a0"."Name", "a0"."OwnerId", "a0"."Price", "a0"."PricingType" AS "PricingType0"
          FROM "BookingAddOns" AS "b1"
          INNER JOIN "AddOnItems" AS "a0" ON "b1"."AddOnItemId" = "a0"."Id"
      ) AS "s" ON "b0"."Id" = "s"."BookingId"
      ORDER BY "b0"."CreatedAt" DESC, "b0"."Id", "c0"."Id", "a"."Id", "c1"."Id", "s"."Id"
info: Microsoft.EntityFrameworkCore.Database.Command[20101]
      Executed DbCommand (1ms) [Parameters=[@__courtIds_0='?' (Size = 3), @__p_1='?' (DbType = Int32)], CommandType='Text', CommandTimeout='30']
      SELECT "o0"."Id", "o0"."BookingDate", "o0"."CommissionAmount", "o0"."CourtId", "o0"."CourtName", "o0"."CreatedAt", "o0"."CustomerName", "o0"."CustomerNameSnapshot", "o0"."DiscountAmount", "o0"."EndHour", "o0"."FacilityName", "o0"."GuestAccessToken", "o0"."LoggedByStaffId", "o0"."LoggedByStaffName", "o0"."Notes", "o0"."PaidAt", "o0"."PaymentMethod", "o0"."PaymentProofPath", "o0"."PaymentProofSubmittedAt", "o0"."PaymentReference", "o0"."PaymentStatus", "o0"."PlayerNames", "o0"."PricePerHeadSnapshot", "o0"."RefundAmount", "o0"."RefundReason", "o0"."RefundedAt", "o0"."ReservedUntil", "o0"."SpotCount", "o0"."StartHour", "o0"."Status", "o0"."TotalPrice", "o0"."UserId", "o0"."VoucherCode", "o0"."VoucherId", "c0"."Id", "c0"."ClosingHour", "c0"."Description", "c0"."FacilityName", "c0"."ImageUrl", "c0"."IsActive", "c0"."IsIndoor", "c0"."Name", "c0"."OpeningHour", "c0"."OwnerId", "c0"."PricePerHour", "c0"."SportType", "a"."Id", "a"."AccessFailedCount", "a"."ConcurrencyStamp", "a"."CreatedAt", "a"."Email", "a"."EmailConfirmed", "a"."EmployerOwnerId", "a"."FirstName", "a"."IsGuest", "a"."LastName", "a"."LockoutEnabled", "a"."LockoutEnd", "a"."NormalizedEmail", "a"."NormalizedUserName", "a"."PasswordHash", "a"."PhoneNumber", "a"."PhoneNumberAlt", "a"."PhoneNumberConfirmed", "a"."PreferredFacilitySlug", "a"."PrivacyPolicyAcceptedAt", "a"."SecurityStamp", "a"."TwoFactorEnabled", "a"."UserName"
      FROM (
          SELECT "o"."Id", "o"."BookingDate", "o"."CommissionAmount", "o"."CourtId", "o"."CourtName", "o"."CreatedAt", "o"."CustomerName", "o"."CustomerNameSnapshot", "o"."DiscountAmount", "o"."EndHour", "o"."FacilityName", "o"."GuestAccessToken", "o"."LoggedByStaffId", "o"."LoggedByStaffName", "o"."Notes", "o"."PaidAt", "o"."PaymentMethod", "o"."PaymentProofPath", "o"."PaymentProofSubmittedAt", "o"."PaymentReference", "o"."PaymentStatus", "o"."PlayerNames", "o"."PricePerHeadSnapshot", "o"."RefundAmount", "o"."RefundReason", "o"."RefundedAt", "o"."ReservedUntil", "o"."SpotCount", "o"."StartHour", "o"."Status", "o"."TotalPrice", "o"."UserId", "o"."VoucherCode", "o"."VoucherId"
          FROM "OpenPlaySignups" AS "o"
          WHERE "o"."CourtId" IN (
              SELECT "c"."value"
              FROM json_each(@__courtIds_0) AS "c"
          )
          ORDER BY "o"."CreatedAt" DESC
          LIMIT @__p_1
      ) AS "o0"
      INNER JOIN "Courts" AS "c0" ON "o0"."CourtId" = "c0"."Id"
      INNER JOIN "AspNetUsers" AS "a" ON "o0"."UserId" = "a"."Id"
      ORDER BY "o0"."CreatedAt" DESC
info: Microsoft.EntityFrameworkCore.Database.Command[20101]
      Executed DbCommand (0ms) [Parameters=[@__staffIds_0='?' (Size = 79)], CommandType='Text', CommandTimeout='30']
      SELECT "a"."Id", "a"."AccessFailedCount", "a"."ConcurrencyStamp", "a"."CreatedAt", "a"."Email", "a"."EmailConfirmed", "a"."EmployerOwnerId", "a"."FirstName", "a"."IsGuest", "a"."LastName", "a"."LockoutEnabled", "a"."LockoutEnd", "a"."NormalizedEmail", "a"."NormalizedUserName", "a"."PasswordHash", "a"."PhoneNumber", "a"."PhoneNumberAlt", "a"."PhoneNumberConfirmed", "a"."PreferredFacilitySlug", "a"."PrivacyPolicyAcceptedAt", "a"."SecurityStamp", "a"."TwoFactorEnabled", "a"."UserName"
      FROM "AspNetUsers" AS "a"
      WHERE "a"."Id" IN (
          SELECT "s"."value"
          FROM json_each(@__staffIds_0) AS "s"
      )
info: Microsoft.EntityFrameworkCore.Database.Command[20101]
      Executed DbCommand (0ms) [Parameters=[@___uid_0='?' (Size = 36)], CommandType='Text', CommandTimeout='30']
      SELECT "f"."Id", "f"."Address", "f"."BillingModel", "f"."BrandLogoUrl", "f"."BrandName", "f"."BrandTagline", "f"."CommissionBalanceOwed", "f"."CommissionPaymentProofPath", "f"."CommissionPaymentRef", "f"."CommissionPaymentSubmittedAt", "f"."CommissionRate", "f"."CommissionTotalPaid", "f"."DeactivatedAt", "f"."FacebookUrl", "f"."FacilityName", "f"."GCashName", "f"."GCashNumber", "f"."GCashQrCodePath", "f"."GoTymeName", "f"."GoTymeNumber", "f"."GoTymeQrCodePath", "f"."HouseRules", "f"."InstagramUrl", "f"."IsDeactivated", "f"."IsSubscribed", "f"."IsSuspended", "f"."LastExpiryReminderThreshold", "f"."MayaName", "f"."MayaNumber", "f"."MayaQrCodePath", "f"."OwnerId", "f"."PayMongoMethods", "f"."PayMongoSecretKey", "f"."PaymentInstructions", "f"."Slug", "f"."SubscriptionActivatedAt", "f"."SubscriptionExpiresAt", "f"."SubscriptionPaymentRef", "f"."SubscriptionPlan", "f"."SubscriptionProofPath", "f"."SubscriptionSubmittedAt", "f"."SuspendedAt", "f"."SuspendedReason", "f"."TrialStartedAt"
      FROM "FacilitySettings" AS "f"
      WHERE "f"."OwnerId" = @___uid_0
      LIMIT 1
info: Microsoft.EntityFrameworkCore.Database.Command[20101]
      Executed DbCommand (0ms) [Parameters=[], CommandType='Text', CommandTimeout='30']
      SELECT "p"."LogoData", "p"."LogoContentType"
      FROM "PlatformConfig" AS "p"
      LIMIT 1
info: Microsoft.EntityFrameworkCore.Database.Command[20101]
      Executed DbCommand (0ms) [Parameters=[@__CurrentUserId_0='?' (Size = 36)], CommandType='Text', CommandTimeout='30']
      SELECT "c"."Id"
      FROM "Courts" AS "c"
      WHERE "c"."OwnerId" = @__CurrentUserId_0
info: Microsoft.EntityFrameworkCore.Database.Command[20101]
      Executed DbCommand (1ms) [Parameters=[@__courtIds_0='?' (Size = 3), @__dateFrom_Value_1='?' (DbType = Date), @__dateTo_Value_2='?' (DbType = Date)], CommandType='Text', CommandTimeout='30']
      SELECT "b"."Id", "b"."BookingDate", "b"."BundleGroupId", "b"."CheckoutSessionId", "b"."CommissionAmount", "b"."CommissionPaid", "b"."CourtBundleId", "b"."CourtId", "b"."CourtName", "b"."CreatedAt", "b"."CustomerName", "b"."CustomerNameSnapshot", "b"."DiscountAmount", "b"."EndTime", "b"."FacilityName", "b"."GuestAccessToken", "b"."LoggedByStaffId", "b"."LoggedByStaffName", "b"."Notes", "b"."PaidAt", "b"."PaymentMethod", "b"."PaymentProofPath", "b"."PaymentProofSubmittedAt", "b"."PaymentReference", "b"."PaymentStatus", "b"."RefundAmount", "b"."RefundReason", "b"."RefundedAt", "b"."ReservedUntil", "b"."StartTime", "b"."Status", "b"."TotalPrice", "b"."UserId", "b"."VoucherCode", "b"."VoucherId", "c0"."Id", "c0"."ClosingHour", "c0"."Description", "c0"."FacilityName", "c0"."ImageUrl", "c0"."IsActive", "c0"."IsIndoor", "c0"."Name", "c0"."OpeningHour", "c0"."OwnerId", "c0"."PricePerHour", "c0"."SportType", "a"."Id", "a"."AccessFailedCount", "a"."ConcurrencyStamp", "a"."CreatedAt", "a"."Email", "a"."EmailConfirmed", "a"."EmployerOwnerId", "a"."FirstName", "a"."IsGuest", "a"."LastName", "a"."LockoutEnabled", "a"."LockoutEnd", "a"."NormalizedEmail", "a"."NormalizedUserName", "a"."PasswordHash", "a"."PhoneNumber", "a"."PhoneNumberAlt", "a"."PhoneNumberConfirmed", "a"."PreferredFacilitySlug", "a"."PrivacyPolicyAcceptedAt", "a"."SecurityStamp", "a"."TwoFactorEnabled", "a"."UserName", "c1"."Id", "c1"."IsActive", "c1"."Name", "c1"."OwnerId", "s"."Id", "s"."AddOnItemId", "s"."BookingId", "s"."PricingType", "s"."Quantity", "s"."UnitPrice", "s"."Id0", "s"."IsActive", "s"."Name", "s"."OwnerId", "s"."Price", "s"."PricingType0"
      FROM "Bookings" AS "b"
      INNER JOIN "Courts" AS "c0" ON "b"."CourtId" = "c0"."Id"
      INNER JOIN "AspNetUsers" AS "a" ON "b"."UserId" = "a"."Id"
      LEFT JOIN "CourtBundles" AS "c1" ON "b"."CourtBundleId" = "c1"."Id"
      LEFT JOIN (
          SELECT "b0"."Id", "b0"."AddOnItemId", "b0"."BookingId", "b0"."PricingType", "b0"."Quantity", "b0"."UnitPrice", "a0"."Id" AS "Id0", "a0"."IsActive", "a0"."Name", "a0"."OwnerId", "a0"."Price", "a0"."PricingType" AS "PricingType0"
          FROM "BookingAddOns" AS "b0"
          INNER JOIN "AddOnItems" AS "a0" ON "b0"."AddOnItemId" = "a0"."Id"
      ) AS "s" ON "b"."Id" = "s"."BookingId"
      WHERE "b"."CourtId" IN (
          SELECT "c"."value"
          FROM json_each(@__courtIds_0) AS "c"
      ) AND "b"."BookingDate" >= @__dateFrom_Value_1 AND "b"."BookingDate" <= @__dateTo_Value_2
      ORDER BY COALESCE("b"."PaymentProofSubmittedAt", "b"."CreatedAt") DESC, "b"."Id", "c0"."Id", "a"."Id", "c1"."Id", "s"."Id"
info: Microsoft.EntityFrameworkCore.Database.Command[20101]
      Executed DbCommand (0ms) [Parameters=[@__courtIds_0='?' (Size = 3), @__dateFrom_Value_1='?' (DbType = Date), @__dateTo_Value_2='?' (DbType = Date)], CommandType='Text', CommandTimeout='30']
      SELECT "o"."Id", "o"."BookingDate", "o"."CommissionAmount", "o"."CourtId", "o"."CourtName", "o"."CreatedAt", "o"."CustomerName", "o"."CustomerNameSnapshot", "o"."DiscountAmount", "o"."EndHour", "o"."FacilityName", "o"."GuestAccessToken", "o"."LoggedByStaffId", "o"."LoggedByStaffName", "o"."Notes", "o"."PaidAt", "o"."PaymentMethod", "o"."PaymentProofPath", "o"."PaymentProofSubmittedAt", "o"."PaymentReference", "o"."PaymentStatus", "o"."PlayerNames", "o"."PricePerHeadSnapshot", "o"."RefundAmount", "o"."RefundReason", "o"."RefundedAt", "o"."ReservedUntil", "o"."SpotCount", "o"."StartHour", "o"."Status", "o"."TotalPrice", "o"."UserId", "o"."VoucherCode", "o"."VoucherId", "c0"."Id", "c0"."ClosingHour", "c0"."Description", "c0"."FacilityName", "c0"."ImageUrl", "c0"."IsActive", "c0"."IsIndoor", "c0"."Name", "c0"."OpeningHour", "c0"."OwnerId", "c0"."PricePerHour", "c0"."SportType", "a"."Id", "a"."AccessFailedCount", "a"."ConcurrencyStamp", "a"."CreatedAt", "a"."Email", "a"."EmailConfirmed", "a"."EmployerOwnerId", "a"."FirstName", "a"."IsGuest", "a"."LastName", "a"."LockoutEnabled", "a"."LockoutEnd", "a"."NormalizedEmail", "a"."NormalizedUserName", "a"."PasswordHash", "a"."PhoneNumber", "a"."PhoneNumberAlt", "a"."PhoneNumberConfirmed", "a"."PreferredFacilitySlug", "a"."PrivacyPolicyAcceptedAt", "a"."SecurityStamp", "a"."TwoFactorEnabled", "a"."UserName"
      FROM "OpenPlaySignups" AS "o"
      INNER JOIN "Courts" AS "c0" ON "o"."CourtId" = "c0"."Id"
      INNER JOIN "AspNetUsers" AS "a" ON "o"."UserId" = "a"."Id"
      WHERE "o"."CourtId" IN (
          SELECT "c"."value"
          FROM json_each(@__courtIds_0) AS "c"
      ) AND "o"."BookingDate" >= @__dateFrom_Value_1 AND "o"."BookingDate" <= @__dateTo_Value_2
info: Microsoft.EntityFrameworkCore.Database.Command[20101]
      Executed DbCommand (0ms) [Parameters=[@__staffIds_0='?' (Size = 79)], CommandType='Text', CommandTimeout='30']
      SELECT "a"."Id", "a"."AccessFailedCount", "a"."ConcurrencyStamp", "a"."CreatedAt", "a"."Email", "a"."EmailConfirmed", "a"."EmployerOwnerId", "a"."FirstName", "a"."IsGuest", "a"."LastName", "a"."LockoutEnabled", "a"."LockoutEnd", "a"."NormalizedEmail", "a"."NormalizedUserName", "a"."PasswordHash", "a"."PhoneNumber", "a"."PhoneNumberAlt", "a"."PhoneNumberConfirmed", "a"."PreferredFacilitySlug", "a"."PrivacyPolicyAcceptedAt", "a"."SecurityStamp", "a"."TwoFactorEnabled", "a"."UserName"
      FROM "AspNetUsers" AS "a"
      WHERE "a"."Id" IN (
          SELECT "s"."value"
          FROM json_each(@__staffIds_0) AS "s"
      )
info: Microsoft.EntityFrameworkCore.Database.Command[20101]
      Executed DbCommand (0ms) [Parameters=[@__CurrentUserId_0='?' (Size = 36)], CommandType='Text', CommandTimeout='30']
      SELECT "a"."Id", "a"."AccessFailedCount", "a"."ConcurrencyStamp", "a"."CreatedAt", "a"."Email", "a"."EmailConfirmed", "a"."EmployerOwnerId", "a"."FirstName", "a"."IsGuest", "a"."LastName", "a"."LockoutEnabled", "a"."LockoutEnd", "a"."NormalizedEmail", "a"."NormalizedUserName", "a"."PasswordHash", "a"."PhoneNumber", "a"."PhoneNumberAlt", "a"."PhoneNumberConfirmed", "a"."PreferredFacilitySlug", "a"."PrivacyPolicyAcceptedAt", "a"."SecurityStamp", "a"."TwoFactorEnabled", "a"."UserName"
      FROM "AspNetUsers" AS "a"
      WHERE "a"."EmployerOwnerId" = @__CurrentUserId_0
info: Microsoft.EntityFrameworkCore.Database.Command[20101]
      Executed DbCommand (0ms) [Parameters=[@__courtIds_0='?' (Size = 3)], CommandType='Text', CommandTimeout='30']
      SELECT COUNT(*)
      FROM "Bookings" AS "b"
      WHERE "b"."CourtId" IN (
          SELECT "c"."value"
          FROM json_each(@__courtIds_0) AS "c"
      ) AND "b"."Status" = 0 AND "b"."PaymentStatus" = 0 AND "b"."PaymentProofSubmittedAt" IS NOT NULL
info: Microsoft.EntityFrameworkCore.Database.Command[20101]
      Executed DbCommand (0ms) [Parameters=[@__courtIds_0='?' (Size = 3)], CommandType='Text', CommandTimeout='30']
      SELECT COUNT(*)
      FROM "OpenPlaySignups" AS "o"
      WHERE "o"."CourtId" IN (
          SELECT "c"."value"
          FROM json_each(@__courtIds_0) AS "c"
      ) AND "o"."Status" = 0 AND "o"."PaymentStatus" = 0 AND "o"."PaymentProofSubmittedAt" IS NOT NULL
info: Microsoft.EntityFrameworkCore.Database.Command[20101]
      Executed DbCommand (0ms) [Parameters=[@__ownerId_0='?' (Size = 36)], CommandType='Text', CommandTimeout='30']
      SELECT "f"."Id", "f"."Address", "f"."BillingModel", "f"."BrandLogoUrl", "f"."BrandName", "f"."BrandTagline", "f"."CommissionBalanceOwed", "f"."CommissionPaymentProofPath", "f"."CommissionPaymentRef", "f"."CommissionPaymentSubmittedAt", "f"."CommissionRate", "f"."CommissionTotalPaid", "f"."DeactivatedAt", "f"."FacebookUrl", "f"."FacilityName", "f"."GCashName", "f"."GCashNumber", "f"."GCashQrCodePath", "f"."GoTymeName", "f"."GoTymeNumber", "f"."GoTymeQrCodePath", "f"."HouseRules", "f"."InstagramUrl", "f"."IsDeactivated", "f"."IsSubscribed", "f"."IsSuspended", "f"."LastExpiryReminderThreshold", "f"."MayaName", "f"."MayaNumber", "f"."MayaQrCodePath", "f"."OwnerId", "f"."PayMongoMethods", "f"."PayMongoSecretKey", "f"."PaymentInstructions", "f"."Slug", "f"."SubscriptionActivatedAt", "f"."SubscriptionExpiresAt", "f"."SubscriptionPaymentRef", "f"."SubscriptionPlan", "f"."SubscriptionProofPath", "f"."SubscriptionSubmittedAt", "f"."SuspendedAt", "f"."SuspendedReason", "f"."TrialStartedAt"
      FROM "FacilitySettings" AS "f"
      WHERE "f"."OwnerId" = @__ownerId_0
      LIMIT 1
info: Microsoft.EntityFrameworkCore.Database.Command[20101]
      Executed DbCommand (0ms) [Parameters=[@__CurrentUserId_0='?' (Size = 36)], CommandType='Text', CommandTimeout='30']
      SELECT "c"."Id", "c"."Name"
      FROM "Courts" AS "c"
      WHERE "c"."OwnerId" = @__CurrentUserId_0 AND "c"."IsActive"
      ORDER BY "c"."Name"
info: Microsoft.EntityFrameworkCore.Database.Command[20101]
      Executed DbCommand (0ms) [Parameters=[@___uid_0='?' (Size = 36)], CommandType='Text', CommandTimeout='30']
      SELECT "f"."Id", "f"."Address", "f"."BillingModel", "f"."BrandLogoUrl", "f"."BrandName", "f"."BrandTagline", "f"."CommissionBalanceOwed", "f"."CommissionPaymentProofPath", "f"."CommissionPaymentRef", "f"."CommissionPaymentSubmittedAt", "f"."CommissionRate", "f"."CommissionTotalPaid", "f"."DeactivatedAt", "f"."FacebookUrl", "f"."FacilityName", "f"."GCashName", "f"."GCashNumber", "f"."GCashQrCodePath", "f"."GoTymeName", "f"."GoTymeNumber", "f"."GoTymeQrCodePath", "f"."HouseRules", "f"."InstagramUrl", "f"."IsDeactivated", "f"."IsSubscribed", "f"."IsSuspended", "f"."LastExpiryReminderThreshold", "f"."MayaName", "f"."MayaNumber", "f"."MayaQrCodePath", "f"."OwnerId", "f"."PayMongoMethods", "f"."PayMongoSecretKey", "f"."PaymentInstructions", "f"."Slug", "f"."SubscriptionActivatedAt", "f"."SubscriptionExpiresAt", "f"."SubscriptionPaymentRef", "f"."SubscriptionPlan", "f"."SubscriptionProofPath", "f"."SubscriptionSubmittedAt", "f"."SuspendedAt", "f"."SuspendedReason", "f"."TrialStartedAt"
      FROM "FacilitySettings" AS "f"
      WHERE "f"."OwnerId" = @___uid_0
      LIMIT 1
info: Microsoft.EntityFrameworkCore.Database.Command[20101]
      Executed DbCommand (0ms) [Parameters=[], CommandType='Text', CommandTimeout='30']
      SELECT "p"."LogoData", "p"."LogoContentType"
      FROM "PlatformConfig" AS "p"
      LIMIT 1
info: Microsoft.EntityFrameworkCore.Database.Command[20101]
      Executed DbCommand (0ms) [Parameters=[@__CurrentUserId_0='?' (Size = 36)], CommandType='Text', CommandTimeout='30']
      SELECT "c"."Id"
      FROM "Courts" AS "c"
      WHERE "c"."OwnerId" = @__CurrentUserId_0
info: Microsoft.EntityFrameworkCore.Database.Command[20101]
      Executed DbCommand (0ms) [Parameters=[@__id_0='?' (DbType = Int32), @__courtIds_1='?' (Size = 3)], CommandType='Text', CommandTimeout='30']
      SELECT "b"."Id", "b"."BookingDate", "b"."BundleGroupId", "b"."CheckoutSessionId", "b"."CommissionAmount", "b"."CommissionPaid", "b"."CourtBundleId", "b"."CourtId", "b"."CourtName", "b"."CreatedAt", "b"."CustomerName", "b"."CustomerNameSnapshot", "b"."DiscountAmount", "b"."EndTime", "b"."FacilityName", "b"."GuestAccessToken", "b"."LoggedByStaffId", "b"."LoggedByStaffName", "b"."Notes", "b"."PaidAt", "b"."PaymentMethod", "b"."PaymentProofPath", "b"."PaymentProofSubmittedAt", "b"."PaymentReference", "b"."PaymentStatus", "b"."RefundAmount", "b"."RefundReason", "b"."RefundedAt", "b"."ReservedUntil", "b"."StartTime", "b"."Status", "b"."TotalPrice", "b"."UserId", "b"."VoucherCode", "b"."VoucherId"
      FROM "Bookings" AS "b"
      WHERE "b"."Id" = @__id_0 AND "b"."CourtId" IN (
          SELECT "c"."value"
          FROM json_each(@__courtIds_1) AS "c"
      )
      LIMIT 1
info: Microsoft.EntityFrameworkCore.Database.Command[20101]
      Executed DbCommand (0ms) [Parameters=[@p5='?' (DbType = Int32), @p0='?' (DbType = Int32), @p1='?' (DbType = Decimal), @p2='?' (Size = 20), @p3='?' (DbType = DateTime), @p4='?' (DbType = Int32)], CommandType='Text', CommandTimeout='30']
      UPDATE "Bookings" SET "PaymentStatus" = @p0, "RefundAmount" = @p1, "RefundReason" = @p2, "RefundedAt" = @p3, "Status" = @p4
      WHERE "Id" = @p5
      RETURNING 1;
warn: CourtBooking.Controllers.AdminController[0]
      [Bookings] Booking #29 refunded: 150.00 (reason: Finishing the refund) by admin.qa.20260803@example.com (Id=2190c0b7-fe1f-462b-a887-5d321c47b1a7) at 2026-09-03T08:38:20.2532883Z
info: Microsoft.EntityFrameworkCore.Database.Command[20101]
      Executed DbCommand (0ms) [Parameters=[@__CurrentUserId_0='?' (Size = 36)], CommandType='Text', CommandTimeout='30']
      SELECT "c"."Id"
      FROM "Courts" AS "c"
      WHERE "c"."OwnerId" = @__CurrentUserId_0
info: Microsoft.EntityFrameworkCore.Database.Command[20101]
      Executed DbCommand (1ms) [Parameters=[@__courtIds_0='?' (Size = 3), @__dateFrom_Value_1='?' (DbType = Date), @__dateTo_Value_2='?' (DbType = Date)], CommandType='Text', CommandTimeout='30']
      SELECT "b"."Id", "b"."BookingDate", "b"."BundleGroupId", "b"."CheckoutSessionId", "b"."CommissionAmount", "b"."CommissionPaid", "b"."CourtBundleId", "b"."CourtId", "b"."CourtName", "b"."CreatedAt", "b"."CustomerName", "b"."CustomerNameSnapshot", "b"."DiscountAmount", "b"."EndTime", "b"."FacilityName", "b"."GuestAccessToken", "b"."LoggedByStaffId", "b"."LoggedByStaffName", "b"."Notes", "b"."PaidAt", "b"."PaymentMethod", "b"."PaymentProofPath", "b"."PaymentProofSubmittedAt", "b"."PaymentReference", "b"."PaymentStatus", "b"."RefundAmount", "b"."RefundReason", "b"."RefundedAt", "b"."ReservedUntil", "b"."StartTime", "b"."Status", "b"."TotalPrice", "b"."UserId", "b"."VoucherCode", "b"."VoucherId", "c0"."Id", "c0"."ClosingHour", "c0"."Description", "c0"."FacilityName", "c0"."ImageUrl", "c0"."IsActive", "c0"."IsIndoor", "c0"."Name", "c0"."OpeningHour", "c0"."OwnerId", "c0"."PricePerHour", "c0"."SportType", "a"."Id", "a"."AccessFailedCount", "a"."ConcurrencyStamp", "a"."CreatedAt", "a"."Email", "a"."EmailConfirmed", "a"."EmployerOwnerId", "a"."FirstName", "a"."IsGuest", "a"."LastName", "a"."LockoutEnabled", "a"."LockoutEnd", "a"."NormalizedEmail", "a"."NormalizedUserName", "a"."PasswordHash", "a"."PhoneNumber", "a"."PhoneNumberAlt", "a"."PhoneNumberConfirmed", "a"."PreferredFacilitySlug", "a"."PrivacyPolicyAcceptedAt", "a"."SecurityStamp", "a"."TwoFactorEnabled", "a"."UserName", "c1"."Id", "c1"."IsActive", "c1"."Name", "c1"."OwnerId", "s"."Id", "s"."AddOnItemId", "s"."BookingId", "s"."PricingType", "s"."Quantity", "s"."UnitPrice", "s"."Id0", "s"."IsActive", "s"."Name", "s"."OwnerId", "s"."Price", "s"."PricingType0"
      FROM "Bookings" AS "b"
      INNER JOIN "Courts" AS "c0" ON "b"."CourtId" = "c0"."Id"
      INNER JOIN "AspNetUsers" AS "a" ON "b"."UserId" = "a"."Id"
      LEFT JOIN "CourtBundles" AS "c1" ON "b"."CourtBundleId" = "c1"."Id"
      LEFT JOIN (
          SELECT "b0"."Id", "b0"."AddOnItemId", "b0"."BookingId", "b0"."PricingType", "b0"."Quantity", "b0"."UnitPrice", "a0"."Id" AS "Id0", "a0"."IsActive", "a0"."Name", "a0"."OwnerId", "a0"."Price", "a0"."PricingType" AS "PricingType0"
          FROM "BookingAddOns" AS "b0"
          INNER JOIN "AddOnItems" AS "a0" ON "b0"."AddOnItemId" = "a0"."Id"
      ) AS "s" ON "b"."Id" = "s"."BookingId"
      WHERE "b"."CourtId" IN (
          SELECT "c"."value"
          FROM json_each(@__courtIds_0) AS "c"
      ) AND "b"."BookingDate" >= @__dateFrom_Value_1 AND "b"."BookingDate" <= @__dateTo_Value_2
      ORDER BY COALESCE("b"."PaymentProofSubmittedAt", "b"."CreatedAt") DESC, "b"."Id", "c0"."Id", "a"."Id", "c1"."Id", "s"."Id"
info: Microsoft.EntityFrameworkCore.Database.Command[20101]
      Executed DbCommand (0ms) [Parameters=[@__courtIds_0='?' (Size = 3), @__dateFrom_Value_1='?' (DbType = Date), @__dateTo_Value_2='?' (DbType = Date)], CommandType='Text', CommandTimeout='30']
      SELECT "o"."Id", "o"."BookingDate", "o"."CommissionAmount", "o"."CourtId", "o"."CourtName", "o"."CreatedAt", "o"."CustomerName", "o"."CustomerNameSnapshot", "o"."DiscountAmount", "o"."EndHour", "o"."FacilityName", "o"."GuestAccessToken", "o"."LoggedByStaffId", "o"."LoggedByStaffName", "o"."Notes", "o"."PaidAt", "o"."PaymentMethod", "o"."PaymentProofPath", "o"."PaymentProofSubmittedAt", "o"."PaymentReference", "o"."PaymentStatus", "o"."PlayerNames", "o"."PricePerHeadSnapshot", "o"."RefundAmount", "o"."RefundReason", "o"."RefundedAt", "o"."ReservedUntil", "o"."SpotCount", "o"."StartHour", "o"."Status", "o"."TotalPrice", "o"."UserId", "o"."VoucherCode", "o"."VoucherId", "c0"."Id", "c0"."ClosingHour", "c0"."Description", "c0"."FacilityName", "c0"."ImageUrl", "c0"."IsActive", "c0"."IsIndoor", "c0"."Name", "c0"."OpeningHour", "c0"."OwnerId", "c0"."PricePerHour", "c0"."SportType", "a"."Id", "a"."AccessFailedCount", "a"."ConcurrencyStamp", "a"."CreatedAt", "a"."Email", "a"."EmailConfirmed", "a"."EmployerOwnerId", "a"."FirstName", "a"."IsGuest", "a"."LastName", "a"."LockoutEnabled", "a"."LockoutEnd", "a"."NormalizedEmail", "a"."NormalizedUserName", "a"."PasswordHash", "a"."PhoneNumber", "a"."PhoneNumberAlt", "a"."PhoneNumberConfirmed", "a"."PreferredFacilitySlug", "a"."PrivacyPolicyAcceptedAt", "a"."SecurityStamp", "a"."TwoFactorEnabled", "a"."UserName"
      FROM "OpenPlaySignups" AS "o"
      INNER JOIN "Courts" AS "c0" ON "o"."CourtId" = "c0"."Id"
      INNER JOIN "AspNetUsers" AS "a" ON "o"."UserId" = "a"."Id"
      WHERE "o"."CourtId" IN (
          SELECT "c"."value"
          FROM json_each(@__courtIds_0) AS "c"
      ) AND "o"."BookingDate" >= @__dateFrom_Value_1 AND "o"."BookingDate" <= @__dateTo_Value_2
info: Microsoft.EntityFrameworkCore.Database.Command[20101]
      Executed DbCommand (0ms) [Parameters=[@__staffIds_0='?' (Size = 79)], CommandType='Text', CommandTimeout='30']
      SELECT "a"."Id", "a"."AccessFailedCount", "a"."ConcurrencyStamp", "a"."CreatedAt", "a"."Email", "a"."EmailConfirmed", "a"."EmployerOwnerId", "a"."FirstName", "a"."IsGuest", "a"."LastName", "a"."LockoutEnabled", "a"."LockoutEnd", "a"."NormalizedEmail", "a"."NormalizedUserName", "a"."PasswordHash", "a"."PhoneNumber", "a"."PhoneNumberAlt", "a"."PhoneNumberConfirmed", "a"."PreferredFacilitySlug", "a"."PrivacyPolicyAcceptedAt", "a"."SecurityStamp", "a"."TwoFactorEnabled", "a"."UserName"
      FROM "AspNetUsers" AS "a"
      WHERE "a"."Id" IN (
          SELECT "s"."value"
          FROM json_each(@__staffIds_0) AS "s"
      )
info: Microsoft.EntityFrameworkCore.Database.Command[20101]
      Executed DbCommand (0ms) [Parameters=[@__CurrentUserId_0='?' (Size = 36)], CommandType='Text', CommandTimeout='30']
      SELECT "a"."Id", "a"."AccessFailedCount", "a"."ConcurrencyStamp", "a"."CreatedAt", "a"."Email", "a"."EmailConfirmed", "a"."EmployerOwnerId", "a"."FirstName", "a"."IsGuest", "a"."LastName", "a"."LockoutEnabled", "a"."LockoutEnd", "a"."NormalizedEmail", "a"."NormalizedUserName", "a"."PasswordHash", "a"."PhoneNumber", "a"."PhoneNumberAlt", "a"."PhoneNumberConfirmed", "a"."PreferredFacilitySlug", "a"."PrivacyPolicyAcceptedAt", "a"."SecurityStamp", "a"."TwoFactorEnabled", "a"."UserName"
      FROM "AspNetUsers" AS "a"
      WHERE "a"."EmployerOwnerId" = @__CurrentUserId_0
info: Microsoft.EntityFrameworkCore.Database.Command[20101]
      Executed DbCommand (0ms) [Parameters=[@__courtIds_0='?' (Size = 3)], CommandType='Text', CommandTimeout='30']
      SELECT COUNT(*)
      FROM "Bookings" AS "b"
      WHERE "b"."CourtId" IN (
          SELECT "c"."value"
          FROM json_each(@__courtIds_0) AS "c"
      ) AND "b"."Status" = 0 AND "b"."PaymentStatus" = 0 AND "b"."PaymentProofSubmittedAt" IS NOT NULL
info: Microsoft.EntityFrameworkCore.Database.Command[20101]
      Executed DbCommand (0ms) [Parameters=[@__courtIds_0='?' (Size = 3)], CommandType='Text', CommandTimeout='30']
      SELECT COUNT(*)
      FROM "OpenPlaySignups" AS "o"
      WHERE "o"."CourtId" IN (
          SELECT "c"."value"
          FROM json_each(@__courtIds_0) AS "c"
      ) AND "o"."Status" = 0 AND "o"."PaymentStatus" = 0 AND "o"."PaymentProofSubmittedAt" IS NOT NULL
info: Microsoft.EntityFrameworkCore.Database.Command[20101]
      Executed DbCommand (0ms) [Parameters=[@__ownerId_0='?' (Size = 36)], CommandType='Text', CommandTimeout='30']
      SELECT "f"."Id", "f"."Address", "f"."BillingModel", "f"."BrandLogoUrl", "f"."BrandName", "f"."BrandTagline", "f"."CommissionBalanceOwed", "f"."CommissionPaymentProofPath", "f"."CommissionPaymentRef", "f"."CommissionPaymentSubmittedAt", "f"."CommissionRate", "f"."CommissionTotalPaid", "f"."DeactivatedAt", "f"."FacebookUrl", "f"."FacilityName", "f"."GCashName", "f"."GCashNumber", "f"."GCashQrCodePath", "f"."GoTymeName", "f"."GoTymeNumber", "f"."GoTymeQrCodePath", "f"."HouseRules", "f"."InstagramUrl", "f"."IsDeactivated", "f"."IsSubscribed", "f"."IsSuspended", "f"."LastExpiryReminderThreshold", "f"."MayaName", "f"."MayaNumber", "f"."MayaQrCodePath", "f"."OwnerId", "f"."PayMongoMethods", "f"."PayMongoSecretKey", "f"."PaymentInstructions", "f"."Slug", "f"."SubscriptionActivatedAt", "f"."SubscriptionExpiresAt", "f"."SubscriptionPaymentRef", "f"."SubscriptionPlan", "f"."SubscriptionProofPath", "f"."SubscriptionSubmittedAt", "f"."SuspendedAt", "f"."SuspendedReason", "f"."TrialStartedAt"
      FROM "FacilitySettings" AS "f"
      WHERE "f"."OwnerId" = @__ownerId_0
      LIMIT 1
info: Microsoft.EntityFrameworkCore.Database.Command[20101]
      Executed DbCommand (0ms) [Parameters=[@__CurrentUserId_0='?' (Size = 36)], CommandType='Text', CommandTimeout='30']
      SELECT "c"."Id", "c"."Name"
      FROM "Courts" AS "c"
      WHERE "c"."OwnerId" = @__CurrentUserId_0 AND "c"."IsActive"
      ORDER BY "c"."Name"
info: Microsoft.EntityFrameworkCore.Database.Command[20101]
      Executed DbCommand (0ms) [Parameters=[@___uid_0='?' (Size = 36)], CommandType='Text', CommandTimeout='30']
      SELECT "f"."Id", "f"."Address", "f"."BillingModel", "f"."BrandLogoUrl", "f"."BrandName", "f"."BrandTagline", "f"."CommissionBalanceOwed", "f"."CommissionPaymentProofPath", "f"."CommissionPaymentRef", "f"."CommissionPaymentSubmittedAt", "f"."CommissionRate", "f"."CommissionTotalPaid", "f"."DeactivatedAt", "f"."FacebookUrl", "f"."FacilityName", "f"."GCashName", "f"."GCashNumber", "f"."GCashQrCodePath", "f"."GoTymeName", "f"."GoTymeNumber", "f"."GoTymeQrCodePath", "f"."HouseRules", "f"."InstagramUrl", "f"."IsDeactivated", "f"."IsSubscribed", "f"."IsSuspended", "f"."LastExpiryReminderThreshold", "f"."MayaName", "f"."MayaNumber", "f"."MayaQrCodePath", "f"."OwnerId", "f"."PayMongoMethods", "f"."PayMongoSecretKey", "f"."PaymentInstructions", "f"."Slug", "f"."SubscriptionActivatedAt", "f"."SubscriptionExpiresAt", "f"."SubscriptionPaymentRef", "f"."SubscriptionPlan", "f"."SubscriptionProofPath", "f"."SubscriptionSubmittedAt", "f"."SuspendedAt", "f"."SuspendedReason", "f"."TrialStartedAt"
      FROM "FacilitySettings" AS "f"
      WHERE "f"."OwnerId" = @___uid_0
      LIMIT 1
info: Microsoft.EntityFrameworkCore.Database.Command[20101]
      Executed DbCommand (0ms) [Parameters=[], CommandType='Text', CommandTimeout='30']
      SELECT "p"."LogoData", "p"."LogoContentType"
      FROM "PlatformConfig" AS "p"
      LIMIT 1
info: Microsoft.EntityFrameworkCore.Database.Command[20101]
      Executed DbCommand (0ms) [Parameters=[@__CurrentUserId_0='?' (Size = 36)], CommandType='Text', CommandTimeout='30']
      SELECT "c"."Id"
      FROM "Courts" AS "c"
      WHERE "c"."OwnerId" = @__CurrentUserId_0
info: Microsoft.EntityFrameworkCore.Database.Command[20101]
      Executed DbCommand (1ms) [Parameters=[@__courtIds_0='?' (Size = 3), @__dateFrom_Value_1='?' (DbType = Date), @__dateTo_Value_2='?' (DbType = Date)], CommandType='Text', CommandTimeout='30']
      SELECT "b"."Id", "b"."BookingDate", "b"."BundleGroupId", "b"."CheckoutSessionId", "b"."CommissionAmount", "b"."CommissionPaid", "b"."CourtBundleId", "b"."CourtId", "b"."CourtName", "b"."CreatedAt", "b"."CustomerName", "b"."CustomerNameSnapshot", "b"."DiscountAmount", "b"."EndTime", "b"."FacilityName", "b"."GuestAccessToken", "b"."LoggedByStaffId", "b"."LoggedByStaffName", "b"."Notes", "b"."PaidAt", "b"."PaymentMethod", "b"."PaymentProofPath", "b"."PaymentProofSubmittedAt", "b"."PaymentReference", "b"."PaymentStatus", "b"."RefundAmount", "b"."RefundReason", "b"."RefundedAt", "b"."ReservedUntil", "b"."StartTime", "b"."Status", "b"."TotalPrice", "b"."UserId", "b"."VoucherCode", "b"."VoucherId", "c0"."Id", "c0"."ClosingHour", "c0"."Description", "c0"."FacilityName", "c0"."ImageUrl", "c0"."IsActive", "c0"."IsIndoor", "c0"."Name", "c0"."OpeningHour", "c0"."OwnerId", "c0"."PricePerHour", "c0"."SportType", "a"."Id", "a"."AccessFailedCount", "a"."ConcurrencyStamp", "a"."CreatedAt", "a"."Email", "a"."EmailConfirmed", "a"."EmployerOwnerId", "a"."FirstName", "a"."IsGuest", "a"."LastName", "a"."LockoutEnabled", "a"."LockoutEnd", "a"."NormalizedEmail", "a"."NormalizedUserName", "a"."PasswordHash", "a"."PhoneNumber", "a"."PhoneNumberAlt", "a"."PhoneNumberConfirmed", "a"."PreferredFacilitySlug", "a"."PrivacyPolicyAcceptedAt", "a"."SecurityStamp", "a"."TwoFactorEnabled", "a"."UserName", "c1"."Id", "c1"."IsActive", "c1"."Name", "c1"."OwnerId", "s"."Id", "s"."AddOnItemId", "s"."BookingId", "s"."PricingType", "s"."Quantity", "s"."UnitPrice", "s"."Id0", "s"."IsActive", "s"."Name", "s"."OwnerId", "s"."Price", "s"."PricingType0"
      FROM "Bookings" AS "b"
      INNER JOIN "Courts" AS "c0" ON "b"."CourtId" = "c0"."Id"
      INNER JOIN "AspNetUsers" AS "a" ON "b"."UserId" = "a"."Id"
      LEFT JOIN "CourtBundles" AS "c1" ON "b"."CourtBundleId" = "c1"."Id"
      LEFT JOIN (
          SELECT "b0"."Id", "b0"."AddOnItemId", "b0"."BookingId", "b0"."PricingType", "b0"."Quantity", "b0"."UnitPrice", "a0"."Id" AS "Id0", "a0"."IsActive", "a0"."Name", "a0"."OwnerId", "a0"."Price", "a0"."PricingType" AS "PricingType0"
          FROM "BookingAddOns" AS "b0"
          INNER JOIN "AddOnItems" AS "a0" ON "b0"."AddOnItemId" = "a0"."Id"
      ) AS "s" ON "b"."Id" = "s"."BookingId"
      WHERE "b"."CourtId" IN (
          SELECT "c"."value"
          FROM json_each(@__courtIds_0) AS "c"
      ) AND "b"."PaymentStatus" = 2 AND "b"."BookingDate" >= @__dateFrom_Value_1 AND "b"."BookingDate" <= @__dateTo_Value_2
      ORDER BY COALESCE("b"."PaymentProofSubmittedAt", "b"."CreatedAt") DESC, "b"."Id", "c0"."Id", "a"."Id", "c1"."Id", "s"."Id"
info: Microsoft.EntityFrameworkCore.Database.Command[20101]
      Executed DbCommand (1ms) [Parameters=[@__courtIds_0='?' (Size = 3), @__dateFrom_Value_1='?' (DbType = Date), @__dateTo_Value_2='?' (DbType = Date)], CommandType='Text', CommandTimeout='30']
      SELECT "o"."Id", "o"."BookingDate", "o"."CommissionAmount", "o"."CourtId", "o"."CourtName", "o"."CreatedAt", "o"."CustomerName", "o"."CustomerNameSnapshot", "o"."DiscountAmount", "o"."EndHour", "o"."FacilityName", "o"."GuestAccessToken", "o"."LoggedByStaffId", "o"."LoggedByStaffName", "o"."Notes", "o"."PaidAt", "o"."PaymentMethod", "o"."PaymentProofPath", "o"."PaymentProofSubmittedAt", "o"."PaymentReference", "o"."PaymentStatus", "o"."PlayerNames", "o"."PricePerHeadSnapshot", "o"."RefundAmount", "o"."RefundReason", "o"."RefundedAt", "o"."ReservedUntil", "o"."SpotCount", "o"."StartHour", "o"."Status", "o"."TotalPrice", "o"."UserId", "o"."VoucherCode", "o"."VoucherId", "c0"."Id", "c0"."ClosingHour", "c0"."Description", "c0"."FacilityName", "c0"."ImageUrl", "c0"."IsActive", "c0"."IsIndoor", "c0"."Name", "c0"."OpeningHour", "c0"."OwnerId", "c0"."PricePerHour", "c0"."SportType", "a"."Id", "a"."AccessFailedCount", "a"."ConcurrencyStamp", "a"."CreatedAt", "a"."Email", "a"."EmailConfirmed", "a"."EmployerOwnerId", "a"."FirstName", "a"."IsGuest", "a"."LastName", "a"."LockoutEnabled", "a"."LockoutEnd", "a"."NormalizedEmail", "a"."NormalizedUserName", "a"."PasswordHash", "a"."PhoneNumber", "a"."PhoneNumberAlt", "a"."PhoneNumberConfirmed", "a"."PreferredFacilitySlug", "a"."PrivacyPolicyAcceptedAt", "a"."SecurityStamp", "a"."TwoFactorEnabled", "a"."UserName"
      FROM "OpenPlaySignups" AS "o"
      INNER JOIN "Courts" AS "c0" ON "o"."CourtId" = "c0"."Id"
      INNER JOIN "AspNetUsers" AS "a" ON "o"."UserId" = "a"."Id"
      WHERE "o"."CourtId" IN (
          SELECT "c"."value"
          FROM json_each(@__courtIds_0) AS "c"
      ) AND "o"."PaymentStatus" = 2 AND "o"."BookingDate" >= @__dateFrom_Value_1 AND "o"."BookingDate" <= @__dateTo_Value_2
info: Microsoft.EntityFrameworkCore.Database.Command[20101]
      Executed DbCommand (0ms) [Parameters=[@__staffIds_0='?' (Size = 79)], CommandType='Text', CommandTimeout='30']
      SELECT "a"."Id", "a"."AccessFailedCount", "a"."ConcurrencyStamp", "a"."CreatedAt", "a"."Email", "a"."EmailConfirmed", "a"."EmployerOwnerId", "a"."FirstName", "a"."IsGuest", "a"."LastName", "a"."LockoutEnabled", "a"."LockoutEnd", "a"."NormalizedEmail", "a"."NormalizedUserName", "a"."PasswordHash", "a"."PhoneNumber", "a"."PhoneNumberAlt", "a"."PhoneNumberConfirmed", "a"."PreferredFacilitySlug", "a"."PrivacyPolicyAcceptedAt", "a"."SecurityStamp", "a"."TwoFactorEnabled", "a"."UserName"
      FROM "AspNetUsers" AS "a"
      WHERE "a"."Id" IN (
          SELECT "s"."value"
          FROM json_each(@__staffIds_0) AS "s"
      )
info: Microsoft.EntityFrameworkCore.Database.Command[20101]
      Executed DbCommand (0ms) [Parameters=[@__CurrentUserId_0='?' (Size = 36)], CommandType='Text', CommandTimeout='30']
      SELECT "a"."Id", "a"."AccessFailedCount", "a"."ConcurrencyStamp", "a"."CreatedAt", "a"."Email", "a"."EmailConfirmed", "a"."EmployerOwnerId", "a"."FirstName", "a"."IsGuest", "a"."LastName", "a"."LockoutEnabled", "a"."LockoutEnd", "a"."NormalizedEmail", "a"."NormalizedUserName", "a"."PasswordHash", "a"."PhoneNumber", "a"."PhoneNumberAlt", "a"."PhoneNumberConfirmed", "a"."PreferredFacilitySlug", "a"."PrivacyPolicyAcceptedAt", "a"."SecurityStamp", "a"."TwoFactorEnabled", "a"."UserName"
      FROM "AspNetUsers" AS "a"
      WHERE "a"."EmployerOwnerId" = @__CurrentUserId_0
info: Microsoft.EntityFrameworkCore.Database.Command[20101]
      Executed DbCommand (0ms) [Parameters=[@__courtIds_0='?' (Size = 3)], CommandType='Text', CommandTimeout='30']
      SELECT COUNT(*)
      FROM "Bookings" AS "b"
      WHERE "b"."CourtId" IN (
          SELECT "c"."value"
          FROM json_each(@__courtIds_0) AS "c"
      ) AND "b"."Status" = 0 AND "b"."PaymentStatus" = 0 AND "b"."PaymentProofSubmittedAt" IS NOT NULL
info: Microsoft.EntityFrameworkCore.Database.Command[20101]
      Executed DbCommand (0ms) [Parameters=[@__courtIds_0='?' (Size = 3)], CommandType='Text', CommandTimeout='30']
      SELECT COUNT(*)
      FROM "OpenPlaySignups" AS "o"
      WHERE "o"."CourtId" IN (
          SELECT "c"."value"
          FROM json_each(@__courtIds_0) AS "c"
      ) AND "o"."Status" = 0 AND "o"."PaymentStatus" = 0 AND "o"."PaymentProofSubmittedAt" IS NOT NULL
info: Microsoft.EntityFrameworkCore.Database.Command[20101]
      Executed DbCommand (0ms) [Parameters=[@__ownerId_0='?' (Size = 36)], CommandType='Text', CommandTimeout='30']
      SELECT "f"."Id", "f"."Address", "f"."BillingModel", "f"."BrandLogoUrl", "f"."BrandName", "f"."BrandTagline", "f"."CommissionBalanceOwed", "f"."CommissionPaymentProofPath", "f"."CommissionPaymentRef", "f"."CommissionPaymentSubmittedAt", "f"."CommissionRate", "f"."CommissionTotalPaid", "f"."DeactivatedAt", "f"."FacebookUrl", "f"."FacilityName", "f"."GCashName", "f"."GCashNumber", "f"."GCashQrCodePath", "f"."GoTymeName", "f"."GoTymeNumber", "f"."GoTymeQrCodePath", "f"."HouseRules", "f"."InstagramUrl", "f"."IsDeactivated", "f"."IsSubscribed", "f"."IsSuspended", "f"."LastExpiryReminderThreshold", "f"."MayaName", "f"."MayaNumber", "f"."MayaQrCodePath", "f"."OwnerId", "f"."PayMongoMethods", "f"."PayMongoSecretKey", "f"."PaymentInstructions", "f"."Slug", "f"."SubscriptionActivatedAt", "f"."SubscriptionExpiresAt", "f"."SubscriptionPaymentRef", "f"."SubscriptionPlan", "f"."SubscriptionProofPath", "f"."SubscriptionSubmittedAt", "f"."SuspendedAt", "f"."SuspendedReason", "f"."TrialStartedAt"
      FROM "FacilitySettings" AS "f"
      WHERE "f"."OwnerId" = @__ownerId_0
      LIMIT 1
info: Microsoft.EntityFrameworkCore.Database.Command[20101]
      Executed DbCommand (0ms) [Parameters=[@__CurrentUserId_0='?' (Size = 36)], CommandType='Text', CommandTimeout='30']
      SELECT "c"."Id", "c"."Name"
      FROM "Courts" AS "c"
      WHERE "c"."OwnerId" = @__CurrentUserId_0 AND "c"."IsActive"
      ORDER BY "c"."Name"
info: Microsoft.EntityFrameworkCore.Database.Command[20101]
      Executed DbCommand (0ms) [Parameters=[@___uid_0='?' (Size = 36)], CommandType='Text', CommandTimeout='30']
      SELECT "f"."Id", "f"."Address", "f"."BillingModel", "f"."BrandLogoUrl", "f"."BrandName", "f"."BrandTagline", "f"."CommissionBalanceOwed", "f"."CommissionPaymentProofPath", "f"."CommissionPaymentRef", "f"."CommissionPaymentSubmittedAt", "f"."CommissionRate", "f"."CommissionTotalPaid", "f"."DeactivatedAt", "f"."FacebookUrl", "f"."FacilityName", "f"."GCashName", "f"."GCashNumber", "f"."GCashQrCodePath", "f"."GoTymeName", "f"."GoTymeNumber", "f"."GoTymeQrCodePath", "f"."HouseRules", "f"."InstagramUrl", "f"."IsDeactivated", "f"."IsSubscribed", "f"."IsSuspended", "f"."LastExpiryReminderThreshold", "f"."MayaName", "f"."MayaNumber", "f"."MayaQrCodePath", "f"."OwnerId", "f"."PayMongoMethods", "f"."PayMongoSecretKey", "f"."PaymentInstructions", "f"."Slug", "f"."SubscriptionActivatedAt", "f"."SubscriptionExpiresAt", "f"."SubscriptionPaymentRef", "f"."SubscriptionPlan", "f"."SubscriptionProofPath", "f"."SubscriptionSubmittedAt", "f"."SuspendedAt", "f"."SuspendedReason", "f"."TrialStartedAt"
      FROM "FacilitySettings" AS "f"
      WHERE "f"."OwnerId" = @___uid_0
      LIMIT 1
info: Microsoft.EntityFrameworkCore.Database.Command[20101]
      Executed DbCommand (0ms) [Parameters=[], CommandType='Text', CommandTimeout='30']
      SELECT "p"."LogoData", "p"."LogoContentType"
      FROM "PlatformConfig" AS "p"
      LIMIT 1
info: Microsoft.EntityFrameworkCore.Database.Command[20101]
      Executed DbCommand (0ms) [Parameters=[@__CurrentUserId_0='?' (Size = 36)], CommandType='Text', CommandTimeout='30']
      SELECT "c"."Id"
      FROM "Courts" AS "c"
      WHERE "c"."OwnerId" = @__CurrentUserId_0
info: Microsoft.EntityFrameworkCore.Database.Command[20101]
      Executed DbCommand (0ms) [Parameters=[@__courtIds_0='?' (Size = 5)], CommandType='Text', CommandTimeout='30']
      SELECT COUNT(*)
      FROM "Bookings" AS "b"
      WHERE "b"."CourtId" IN (
          SELECT "c"."value"
          FROM json_each(@__courtIds_0) AS "c"
      ) AND "b"."Status" <> 2
info: Microsoft.EntityFrameworkCore.Database.Command[20101]
      Executed DbCommand (0ms) [Parameters=[@__courtIds_0='?' (Size = 5)], CommandType='Text', CommandTimeout='30']
      SELECT COUNT(*)
      FROM "OpenPlaySignups" AS "o"
      WHERE "o"."CourtId" IN (
          SELECT "c"."value"
          FROM json_each(@__courtIds_0) AS "c"
      ) AND "o"."Status" <> 2
info: Microsoft.EntityFrameworkCore.Database.Command[20101]
      Executed DbCommand (0ms) [Parameters=[@__CurrentUserId_0='?' (Size = 36)], CommandType='Text', CommandTimeout='30']
      SELECT COUNT(*)
      FROM "AddOnRentals" AS "a"
      WHERE "a"."OwnerId" = @__CurrentUserId_0 AND "a"."Status" <> 2
info: Microsoft.EntityFrameworkCore.Database.Command[20101]
      Executed DbCommand (0ms) [Parameters=[@__courtIds_0='?' (Size = 5), @__today_1='?' (DbType = Date)], CommandType='Text', CommandTimeout='30']
      SELECT COUNT(*)
      FROM "Bookings" AS "b"
      WHERE "b"."CourtId" IN (
          SELECT "c"."value"
          FROM json_each(@__courtIds_0) AS "c"
      ) AND "b"."BookingDate" = @__today_1 AND "b"."Status" <> 2
info: Microsoft.EntityFrameworkCore.Database.Command[20101]
      Executed DbCommand (0ms) [Parameters=[@__courtIds_0='?' (Size = 5), @__today_1='?' (DbType = Date)], CommandType='Text', CommandTimeout='30']
      SELECT COUNT(*)
      FROM "OpenPlaySignups" AS "o"
      WHERE "o"."CourtId" IN (
          SELECT "c"."value"
          FROM json_each(@__courtIds_0) AS "c"
      ) AND "o"."BookingDate" = @__today_1 AND "o"."Status" <> 2
info: Microsoft.EntityFrameworkCore.Database.Command[20101]
      Executed DbCommand (0ms) [Parameters=[@__CurrentUserId_0='?' (Size = 36), @__todayDt_1='?' (DbType = DateTime), @__tomorrowDt_2='?' (DbType = DateTime)], CommandType='Text', CommandTimeout='30']
      SELECT COUNT(*)
      FROM "AddOnRentals" AS "a"
      WHERE "a"."OwnerId" = @__CurrentUserId_0 AND "a"."CreatedAt" >= @__todayDt_1 AND "a"."CreatedAt" < @__tomorrowDt_2
info: Microsoft.EntityFrameworkCore.Database.Command[20101]
      Executed DbCommand (0ms) [Parameters=[@__courtIds_0='?' (Size = 5), @__todayDt_1='?' (DbType = DateTime)], CommandType='Text', CommandTimeout='30']
      SELECT COALESCE(ef_sum(CASE
          WHEN "b"."PaymentStatus" = 3 THEN ef_add("b"."TotalPrice", ef_negate(COALESCE("b"."RefundAmount", '0.0')))
          ELSE "b"."TotalPrice"
      END), '0.0')
      FROM "Bookings" AS "b"
      WHERE "b"."CourtId" IN (
          SELECT "c"."value"
          FROM json_each(@__courtIds_0) AS "c"
      ) AND "b"."PaidAt" IS NOT NULL AND "b"."PaidAt" >= @__todayDt_1 AND "b"."PaymentStatus" <> 2
info: Microsoft.EntityFrameworkCore.Database.Command[20101]
      Executed DbCommand (0ms) [Parameters=[@__courtIds_0='?' (Size = 5), @__todayDt_1='?' (DbType = DateTime)], CommandType='Text', CommandTimeout='30']
      SELECT COALESCE(ef_sum(CASE
          WHEN "o"."PaymentStatus" = 3 THEN ef_add("o"."TotalPrice", ef_negate(COALESCE("o"."RefundAmount", '0.0')))
          ELSE "o"."TotalPrice"
      END), '0.0')
      FROM "OpenPlaySignups" AS "o"
      WHERE "o"."CourtId" IN (
          SELECT "c"."value"
          FROM json_each(@__courtIds_0) AS "c"
      ) AND "o"."PaidAt" IS NOT NULL AND "o"."PaidAt" >= @__todayDt_1 AND "o"."PaymentStatus" <> 2
info: Microsoft.EntityFrameworkCore.Database.Command[20101]
      Executed DbCommand (0ms) [Parameters=[@__CurrentUserId_0='?' (Size = 36), @__todayDt_1='?' (DbType = DateTime)], CommandType='Text', CommandTimeout='30']
      SELECT COALESCE(ef_sum("a"."TotalPrice"), '0.0')
      FROM "AddOnRentals" AS "a"
      WHERE "a"."OwnerId" = @__CurrentUserId_0 AND "a"."PaidAt" IS NOT NULL AND "a"."PaidAt" >= @__todayDt_1 AND "a"."PaymentStatus" <> 2
info: Microsoft.EntityFrameworkCore.Database.Command[20101]
      Executed DbCommand (0ms) [Parameters=[@__courtIds_0='?' (Size = 5)], CommandType='Text', CommandTimeout='30']
      SELECT COALESCE(ef_sum(CASE
          WHEN "b"."PaymentStatus" = 3 THEN ef_add("b"."TotalPrice", ef_negate(COALESCE("b"."RefundAmount", '0.0')))
          ELSE "b"."TotalPrice"
      END), '0.0')
      FROM "Bookings" AS "b"
      WHERE "b"."CourtId" IN (
          SELECT "c"."value"
          FROM json_each(@__courtIds_0) AS "c"
      ) AND "b"."Status" IN (1, 3) AND "b"."PaymentStatus" <> 2
info: Microsoft.EntityFrameworkCore.Database.Command[20101]
      Executed DbCommand (0ms) [Parameters=[@__courtIds_0='?' (Size = 5)], CommandType='Text', CommandTimeout='30']
      SELECT COALESCE(ef_sum(CASE
          WHEN "o"."PaymentStatus" = 3 THEN ef_add("o"."TotalPrice", ef_negate(COALESCE("o"."RefundAmount", '0.0')))
          ELSE "o"."TotalPrice"
      END), '0.0')
      FROM "OpenPlaySignups" AS "o"
      WHERE "o"."CourtId" IN (
          SELECT "c"."value"
          FROM json_each(@__courtIds_0) AS "c"
      ) AND "o"."Status" IN (1, 3) AND "o"."PaymentStatus" <> 2
info: Microsoft.EntityFrameworkCore.Database.Command[20101]
      Executed DbCommand (0ms) [Parameters=[@__CurrentUserId_0='?' (Size = 36)], CommandType='Text', CommandTimeout='30']
      SELECT COALESCE(ef_sum("a"."TotalPrice"), '0.0')
      FROM "AddOnRentals" AS "a"
      WHERE "a"."OwnerId" = @__CurrentUserId_0 AND "a"."Status" IN (1, 3) AND "a"."PaymentStatus" <> 2
info: Microsoft.EntityFrameworkCore.Database.Command[20101]
      Executed DbCommand (0ms) [Parameters=[@__courtIds_0='?' (Size = 5)], CommandType='Text', CommandTimeout='30']
      SELECT COUNT(*)
      FROM "Bookings" AS "b"
      WHERE "b"."CourtId" IN (
          SELECT "c"."value"
          FROM json_each(@__courtIds_0) AS "c"
      ) AND "b"."Status" = 0 AND "b"."PaymentProofSubmittedAt" IS NOT NULL
info: Microsoft.EntityFrameworkCore.Database.Command[20101]
      Executed DbCommand (0ms) [Parameters=[@__courtIds_0='?' (Size = 5)], CommandType='Text', CommandTimeout='30']
      SELECT COUNT(*)
      FROM "OpenPlaySignups" AS "o"
      WHERE "o"."CourtId" IN (
          SELECT "c"."value"
          FROM json_each(@__courtIds_0) AS "c"
      ) AND "o"."Status" = 0 AND "o"."PaymentProofSubmittedAt" IS NOT NULL
info: Microsoft.EntityFrameworkCore.Database.Command[20101]
      Executed DbCommand (0ms) [Parameters=[@__CurrentUserId_0='?' (Size = 36)], CommandType='Text', CommandTimeout='30']
      SELECT COUNT(*)
      FROM "AddOnRentals" AS "a"
      WHERE "a"."OwnerId" = @__CurrentUserId_0 AND "a"."Status" = 0 AND "a"."PaymentProofPath" IS NOT NULL
info: Microsoft.EntityFrameworkCore.Database.Command[20101]
      Executed DbCommand (0ms) [Parameters=[@__courtIds_0='?' (Size = 5)], CommandType='Text', CommandTimeout='30']
      SELECT COUNT(*)
      FROM "Bookings" AS "b"
      WHERE "b"."CourtId" IN (
          SELECT "c"."value"
          FROM json_each(@__courtIds_0) AS "c"
      ) AND "b"."Status" = 0 AND "b"."PaymentReference" IS NULL
info: Microsoft.EntityFrameworkCore.Database.Command[20101]
      Executed DbCommand (0ms) [Parameters=[@__courtIds_0='?' (Size = 5)], CommandType='Text', CommandTimeout='30']
      SELECT COUNT(*)
      FROM "OpenPlaySignups" AS "o"
      WHERE "o"."CourtId" IN (
          SELECT "c"."value"
          FROM json_each(@__courtIds_0) AS "c"
      ) AND "o"."Status" = 0 AND "o"."PaymentReference" IS NULL
info: Microsoft.EntityFrameworkCore.Database.Command[20101]
      Executed DbCommand (0ms) [Parameters=[@__CurrentUserId_0='?' (Size = 36)], CommandType='Text', CommandTimeout='30']
      SELECT COUNT(*)
      FROM "AddOnRentals" AS "a"
      WHERE "a"."OwnerId" = @__CurrentUserId_0 AND "a"."Status" = 0 AND "a"."PaymentReference" IS NULL
info: Microsoft.EntityFrameworkCore.Database.Command[20101]
      Executed DbCommand (0ms) [Parameters=[@__courtIds_0='?' (Size = 5)], CommandType='Text', CommandTimeout='30']
      SELECT COALESCE(ef_sum(ef_multiply(CAST("b"."Quantity" AS numeric(10,2)), "b"."UnitPrice")), '0.0')
      FROM "BookingAddOns" AS "b"
      INNER JOIN "Bookings" AS "b0" ON "b"."BookingId" = "b0"."Id"
      WHERE "b0"."CourtId" IN (
          SELECT "c"."value"
          FROM json_each(@__courtIds_0) AS "c"
      ) AND "b0"."Status" IN (1, 3) AND "b0"."PaymentStatus" <> 2
info: Microsoft.EntityFrameworkCore.Database.Command[20101]
      Executed DbCommand (0ms) [Parameters=[@__CurrentUserId_0='?' (Size = 36)], CommandType='Text', CommandTimeout='30']
      SELECT COALESCE(ef_sum("a"."TotalPrice"), '0.0')
      FROM "AddOnRentals" AS "a"
      WHERE "a"."OwnerId" = @__CurrentUserId_0 AND "a"."Status" IN (1, 3) AND "a"."PaymentStatus" <> 2
info: Microsoft.EntityFrameworkCore.Database.Command[20101]
      Executed DbCommand (0ms) [Parameters=[@__courtIds_0='?' (Size = 5), @__rangeFromUtc_1='?' (DbType = DateTime), @__rangeToExclusiveUtc_2='?' (DbType = DateTime), @__rangeFrom_3='?' (DbType = Date), @__rangeTo_4='?' (DbType = Date)], CommandType='Text', CommandTimeout='30']
      SELECT "b"."BookingDate", "b"."TotalPrice", "b"."Status", "b"."PaymentStatus", "b"."PaidAt", "b"."PaymentProofSubmittedAt" IS NOT NULL, "b"."PaymentReference", "b"."PaymentMethod", "b"."CourtId", "b"."LoggedByStaffId", "b"."RefundAmount"
      FROM "Bookings" AS "b"
      WHERE "b"."CourtId" IN (
          SELECT "c"."value"
          FROM json_each(@__courtIds_0) AS "c"
      ) AND (("b"."PaidAt" IS NOT NULL AND "b"."PaidAt" >= @__rangeFromUtc_1 AND "b"."PaidAt" < @__rangeToExclusiveUtc_2) OR ("b"."PaidAt" IS NULL AND "b"."BookingDate" >= @__rangeFrom_3 AND "b"."BookingDate" <= @__rangeTo_4))
info: Microsoft.EntityFrameworkCore.Database.Command[20101]
      Executed DbCommand (0ms) [Parameters=[@__courtIds_0='?' (Size = 5), @__rangeFromUtc_1='?' (DbType = DateTime), @__rangeToExclusiveUtc_2='?' (DbType = DateTime), @__rangeFrom_3='?' (DbType = Date), @__rangeTo_4='?' (DbType = Date)], CommandType='Text', CommandTimeout='30']
      SELECT "o"."BookingDate", "o"."TotalPrice", "o"."Status", "o"."PaymentStatus", "o"."PaidAt", "o"."PaymentProofSubmittedAt" IS NOT NULL, "o"."PaymentReference", "o"."PaymentMethod", "o"."CourtId", "o"."LoggedByStaffId", "o"."RefundAmount"
      FROM "OpenPlaySignups" AS "o"
      WHERE "o"."CourtId" IN (
          SELECT "c"."value"
          FROM json_each(@__courtIds_0) AS "c"
      ) AND (("o"."PaidAt" IS NOT NULL AND "o"."PaidAt" >= @__rangeFromUtc_1 AND "o"."PaidAt" < @__rangeToExclusiveUtc_2) OR ("o"."PaidAt" IS NULL AND "o"."BookingDate" >= @__rangeFrom_3 AND "o"."BookingDate" <= @__rangeTo_4))
info: Microsoft.EntityFrameworkCore.Database.Command[20101]
      Executed DbCommand (0ms) [Parameters=[@__CurrentUserId_0='?' (Size = 36), @__rangeFromUtc_1='?' (DbType = DateTime), @__rangeToExclusiveUtc_2='?' (DbType = DateTime), @__rangeFromUtc_3='?' (DbType = DateTime), @__rangeToExclusiveUtc_4='?' (DbType = DateTime)], CommandType='Text', CommandTimeout='30']
      SELECT "a"."CreatedAt", "a"."TotalPrice", "a"."Status", "a"."PaymentStatus", "a"."PaidAt", "a"."PaymentProofPath" IS NOT NULL AS "HasProof", "a"."PaymentReference", "a"."PaymentMethod", "a"."LoggedByStaffId"
      FROM "AddOnRentals" AS "a"
      WHERE "a"."OwnerId" = @__CurrentUserId_0 AND (("a"."PaidAt" IS NOT NULL AND "a"."PaidAt" >= @__rangeFromUtc_1 AND "a"."PaidAt" < @__rangeToExclusiveUtc_2) OR ("a"."PaidAt" IS NULL AND "a"."CreatedAt" >= @__rangeFromUtc_3 AND "a"."CreatedAt" < @__rangeToExclusiveUtc_4))
info: Microsoft.EntityFrameworkCore.Database.Command[20101]
      Executed DbCommand (0ms) [Parameters=[@__courtIds_0='?' (Size = 5)], CommandType='Text', CommandTimeout='30']
      SELECT "c"."Id", "c"."Name"
      FROM "Courts" AS "c"
      WHERE "c"."Id" IN (
          SELECT "c0"."value"
          FROM json_each(@__courtIds_0) AS "c0"
      )
info: Microsoft.EntityFrameworkCore.Database.Command[20101]
      Executed DbCommand (0ms) [Parameters=[@__staffIds_0='?' (Size = 79)], CommandType='Text', CommandTimeout='30']
      SELECT "a"."Id", "a"."AccessFailedCount", "a"."ConcurrencyStamp", "a"."CreatedAt", "a"."Email", "a"."EmailConfirmed", "a"."EmployerOwnerId", "a"."FirstName", "a"."IsGuest", "a"."LastName", "a"."LockoutEnabled", "a"."LockoutEnd", "a"."NormalizedEmail", "a"."NormalizedUserName", "a"."PasswordHash", "a"."PhoneNumber", "a"."PhoneNumberAlt", "a"."PhoneNumberConfirmed", "a"."PreferredFacilitySlug", "a"."PrivacyPolicyAcceptedAt", "a"."SecurityStamp", "a"."TwoFactorEnabled", "a"."UserName"
      FROM "AspNetUsers" AS "a"
      WHERE "a"."Id" IN (
          SELECT "s"."value"
          FROM json_each(@__staffIds_0) AS "s"
      )
info: Microsoft.EntityFrameworkCore.Database.Command[20101]
      Executed DbCommand (0ms) [Parameters=[@__courtIds_0='?' (Size = 5), @__rangeFromUtc_1='?' (DbType = DateTime), @__rangeToExclusiveUtc_2='?' (DbType = DateTime), @__rangeFrom_3='?' (DbType = Date), @__rangeTo_4='?' (DbType = Date)], CommandType='Text', CommandTimeout='30']
      SELECT "b"."AddOnItemId", "a"."Name", "b"."Quantity", "b"."UnitPrice", "b0"."BookingDate", "b0"."PaidAt", "b0"."Status", "b0"."PaymentStatus"
      FROM "BookingAddOns" AS "b"
      INNER JOIN "Bookings" AS "b0" ON "b"."BookingId" = "b0"."Id"
      INNER JOIN "AddOnItems" AS "a" ON "b"."AddOnItemId" = "a"."Id"
      WHERE "b0"."CourtId" IN (
          SELECT "c"."value"
          FROM json_each(@__courtIds_0) AS "c"
      ) AND (("b0"."PaidAt" IS NOT NULL AND "b0"."PaidAt" >= @__rangeFromUtc_1 AND "b0"."PaidAt" < @__rangeToExclusiveUtc_2) OR ("b0"."PaidAt" IS NULL AND "b0"."BookingDate" >= @__rangeFrom_3 AND "b0"."BookingDate" <= @__rangeTo_4))
info: Microsoft.EntityFrameworkCore.Database.Command[20101]
      Executed DbCommand (0ms) [Parameters=[@__CurrentUserId_0='?' (Size = 36), @__rangeFromUtc_1='?' (DbType = DateTime), @__rangeToExclusiveUtc_2='?' (DbType = DateTime), @__rangeFromUtc_3='?' (DbType = DateTime), @__rangeToExclusiveUtc_4='?' (DbType = DateTime)], CommandType='Text', CommandTimeout='30']
      SELECT "a"."AddOnItemId", "a1"."Name", "a"."Quantity", "a"."UnitPrice", "a0"."CreatedAt", "a0"."PaidAt", "a0"."Status", "a0"."PaymentStatus"
      FROM "AddOnRentalItems" AS "a"
      INNER JOIN "AddOnRentals" AS "a0" ON "a"."AddOnRentalId" = "a0"."Id"
      INNER JOIN "AddOnItems" AS "a1" ON "a"."AddOnItemId" = "a1"."Id"
      WHERE "a0"."OwnerId" = @__CurrentUserId_0 AND (("a0"."PaidAt" IS NOT NULL AND "a0"."PaidAt" >= @__rangeFromUtc_1 AND "a0"."PaidAt" < @__rangeToExclusiveUtc_2) OR ("a0"."PaidAt" IS NULL AND "a0"."CreatedAt" >= @__rangeFromUtc_3 AND "a0"."CreatedAt" < @__rangeToExclusiveUtc_4))
